destination,country,size,service_slug,service_name,courier,type,price_inc_vat
"UK mainland (London)","GBR","Large letter 1kg 35x25x2","collect-plus-drop-off-service-72hr","InPost Shop to Home","Yodel Direct","Shop","2.64"
"UK mainland (London)","GBR","Large letter 1kg 35x25x2","royalmail-largeletter-48","Royal Mail 48 Tracked Large Letter","Royal Mail","Shop","2.85"
"UK mainland (London)","GBR","Large letter 1kg 35x25x2","myhermes-parcelshop","Evri ParcelShop","Evri Drop-off","Shop","2.98"
"UK mainland (London)","GBR","Large letter 1kg 35x25x2","inpost","InPost Lockers to Home","InPost","Locker","3.23"
"UK mainland (London)","GBR","Large letter 1kg 35x25x2","royalmail-int_2606","Royal Mail 48 Tracked Small","Royal Mail","Shop","3.65"
"UK mainland (London)","GBR","Large letter 1kg 35x25x2","royalmail-largeletter-24","Royal Mail 24 Tracked Large Letter","Royal Mail","Shop","3.80"
"UK mainland (London)","GBR","Large letter 1kg 35x25x2","myhermes-parcelshop-next-day","Evri ParcelShop Next Day","Evri Drop-off","Shop","3.82"
"UK mainland (London)","GBR","Large letter 1kg 35x25x2","royalmail-int_2606_2608","Royal Mail 48 Tracked Small Collection","Royal Mail","Collection","3.95"
"UK mainland (London)","GBR","Large letter 1kg 35x25x2","hermes-uk-economy","Evri Collection","Evri Collection","Collection","3.96"
"UK mainland (London)","GBR","Large letter 1kg 35x25x2","yodel-collection-to-door-48","InPost Collection","Yodel Direct","Collection","4.03"
"UK mainland (London)","GBR","Large letter 1kg 35x25x2","fedex-uk-express-dropoff_895","FedEx Economy Drop Off","FedEx Express","Shop","4.38"
"UK mainland (London)","GBR","Large letter 1kg 35x25x2","fedex-uk-express-dropoff","FedEx Priority Drop Off","FedEx Express","Shop","4.39"
"UK mainland (London)","GBR","Large letter 1kg 35x25x2","royalmail-int_2606_2607","Royal Mail 24 Tracked Small","Royal Mail","Shop","4.65"
"UK mainland (London)","GBR","Large letter 1kg 35x25x2","royalmail-int_2606_2608_2609","Royal Mail 24 Tracked Small Collection","Royal Mail","Collection","4.95"
"UK mainland (London)","GBR","Large letter 1kg 35x25x2","dhl-som-s2c-nd","DHL eCommerce UK - Drop Off","DHL eCommerce UK","Shop","5.51"
"UK mainland (London)","GBR","Large letter 1kg 35x25x2","royalmail-int_2606_2616","Royal Mail 48 Tracked Medium","Royal Mail","Shop","5.55"
"UK mainland (London)","GBR","Large letter 1kg 35x25x2","royalmail-int_2606_2608_2618","Royal Mail 48 Tracked Medium Collection","Royal Mail","Collection","5.85"
"UK mainland (London)","GBR","Large letter 1kg 35x25x2","dpd_drop_off_economy","DPD Drop Off Economy Plus","DPD","Shop","6.23"
"UK mainland (London)","GBR","Large letter 1kg 35x25x2","royalmail-int_2606_2607_2617","Royal Mail 24 Tracked Medium","Royal Mail","Shop","6.55"
"UK mainland (London)","GBR","Large letter 1kg 35x25x2","dpd_2650","DPD Drop Off Small","DPD","Shop","6.72"
"UK mainland (London)","GBR","Large letter 1kg 35x25x2","royalmail-int_2606_2608_2609_2619","Royal Mail 24 Tracked Medium Collection","Royal Mail","Collection","6.85"
"UK mainland (London)","GBR","Large letter 1kg 35x25x2","ups-access-point-dap","UPS Standard™ – drop off","UPS Access Point","Shop","7.32"
"UK mainland (London)","GBR","Large letter 1kg 35x25x2","dpd","DPD Drop Off","DPD","Shop","7.94"
"UK mainland (London)","GBR","Large letter 1kg 35x25x2","fedex-uk-economy-1","FedEx Economy Collection","FedEx Express","Collection","9.38"
"UK mainland (London)","GBR","Large letter 1kg 35x25x2","ups-dap-uk-standard","UPS Standard®","UPS","Collection","9.90"
"UK mainland (London)","GBR","Large letter 1kg 35x25x2","dhl-uk","DHL eCommerce UK Collection","DHL","Collection","10.57"
"UK mainland (London)","GBR","Large letter 1kg 35x25x2","parcelforce-express-48-drop-off","Parcelforce Worldwide Express 48 Drop Off","Parcelforce","Shop","10.73"
"UK mainland (London)","GBR","Large letter 1kg 35x25x2","dx-48","DX48","DX","Collection","11.03"
"UK mainland (London)","GBR","Large letter 1kg 35x25x2","fedex-uk-express","FedEx Priority Collection","FedEx Express","Collection","11.08"
"UK mainland (London)","GBR","Large letter 1kg 35x25x2","dx-24","DX24","DX","Collection","11.15"
"UK mainland (London)","GBR","Large letter 1kg 35x25x2","parcelforce-express-24-drop-off","Parcelforce Worldwide Express 24 Drop Off","Parcelforce","Shop","11.17"
"UK mainland (London)","GBR","Large letter 1kg 35x25x2","parcelforce-express-48","Parcelforce Worldwide Express 48","Parcelforce","Collection","11.52"
"UK mainland (London)","GBR","Large letter 1kg 35x25x2","parcelforce-express-24","Parcelforce Worldwide Express 24","Parcelforce","Collection","11.71"
"UK mainland (London)","GBR","Large letter 1kg 35x25x2","dpd-collection","DPD Collection","DPD","Collection","11.99"
"UK mainland (London)","GBR","Large letter 1kg 35x25x2","ups-dap-uk-express-saver","UPS Express Saver® by 12pm","UPS","Collection","12.72"
"UK mainland (London)","GBR","Large letter 1kg 35x25x2","parcelforce-express-am","Parcelforce Worldwide Express AM","Parcelforce","Collection","12.92"
"UK mainland (London)","GBR","Large letter 1kg 35x25x2","parcelforce-by-10am","Parcelforce Worldwide by 10am","Parcelforce","Collection","16.32"
"UK mainland (London)","GBR","Large letter 1kg 35x25x2","ups-dap-express-uk","UPS Express® by 10.30am","UPS","Collection","18.54"
"UK mainland (London)","GBR","Large letter 1kg 35x25x2","dx-freight","DX Freight Parcel Service","DX","Collection","57.22"
"UK mainland (London)","GBR","Large letter 1kg 35x25x2","parcelforce-large-48","Parcelforce Worldwide Large 48","Parcelforce","Collection","61.46"
"UK mainland (London)","GBR","Small parcel 2kg 45x35x16","collect-plus-drop-off-service-72hr","InPost Shop to Home","Yodel Direct","Shop","3.24"
"UK mainland (London)","GBR","Small parcel 2kg 45x35x16","myhermes-parcelshop","Evri ParcelShop","Evri Drop-off","Shop","3.40"
"UK mainland (London)","GBR","Small parcel 2kg 45x35x16","royalmail-int_2606","Royal Mail 48 Tracked Small","Royal Mail","Shop","3.65"
"UK mainland (London)","GBR","Small parcel 2kg 45x35x16","royalmail-int_2606_2608","Royal Mail 48 Tracked Small Collection","Royal Mail","Collection","3.95"
"UK mainland (London)","GBR","Small parcel 2kg 45x35x16","inpost","InPost Lockers to Home","InPost","Locker","4.04"
"UK mainland (London)","GBR","Small parcel 2kg 45x35x16","yodel-collection-to-door-48","InPost Collection","Yodel Direct","Collection","4.21"
"UK mainland (London)","GBR","Small parcel 2kg 45x35x16","myhermes-parcelshop-next-day","Evri ParcelShop Next Day","Evri Drop-off","Shop","4.51"
"UK mainland (London)","GBR","Small parcel 2kg 45x35x16","royalmail-int_2606_2607","Royal Mail 24 Tracked Small","Royal Mail","Shop","4.65"
"UK mainland (London)","GBR","Small parcel 2kg 45x35x16","royalmail-int_2606_2608_2609","Royal Mail 24 Tracked Small Collection","Royal Mail","Collection","4.95"
"UK mainland (London)","GBR","Small parcel 2kg 45x35x16","hermes-uk-economy","Evri Collection","Evri Collection","Collection","5.24"
"UK mainland (London)","GBR","Small parcel 2kg 45x35x16","dhl-som-s2c-nd","DHL eCommerce UK - Drop Off","DHL eCommerce UK","Shop","5.51"
"UK mainland (London)","GBR","Small parcel 2kg 45x35x16","royalmail-int_2606_2616","Royal Mail 48 Tracked Medium","Royal Mail","Shop","5.55"
"UK mainland (London)","GBR","Small parcel 2kg 45x35x16","royalmail-int_2606_2608_2618","Royal Mail 48 Tracked Medium Collection","Royal Mail","Collection","5.85"
"UK mainland (London)","GBR","Small parcel 2kg 45x35x16","fedex-uk-express-dropoff_895","FedEx Economy Drop Off","FedEx Express","Shop","5.89"
"UK mainland (London)","GBR","Small parcel 2kg 45x35x16","fedex-uk-express-dropoff","FedEx Priority Drop Off","FedEx Express","Shop","6.02"
"UK mainland (London)","GBR","Small parcel 2kg 45x35x16","dpd_drop_off_economy","DPD Drop Off Economy Plus","DPD","Shop","6.42"
"UK mainland (London)","GBR","Small parcel 2kg 45x35x16","royalmail-int_2606_2607_2617","Royal Mail 24 Tracked Medium","Royal Mail","Shop","6.55"
"UK mainland (London)","GBR","Small parcel 2kg 45x35x16","royalmail-int_2606_2608_2609_2619","Royal Mail 24 Tracked Medium Collection","Royal Mail","Collection","6.85"
"UK mainland (London)","GBR","Small parcel 2kg 45x35x16","dpd","DPD Drop Off","DPD","Shop","7.99"
"UK mainland (London)","GBR","Small parcel 2kg 45x35x16","ups-access-point-dap","UPS Standard™ – drop off","UPS Access Point","Shop","8.70"
"UK mainland (London)","GBR","Small parcel 2kg 45x35x16","fedex-uk-economy-1","FedEx Economy Collection","FedEx Express","Collection","9.38"
"UK mainland (London)","GBR","Small parcel 2kg 45x35x16","parcelforce-express-48-drop-off","Parcelforce Worldwide Express 48 Drop Off","Parcelforce","Shop","10.75"
"UK mainland (London)","GBR","Small parcel 2kg 45x35x16","parcelforce-express-24-drop-off","Parcelforce Worldwide Express 24 Drop Off","Parcelforce","Shop","11.22"
"UK mainland (London)","GBR","Small parcel 2kg 45x35x16","dhl-uk","DHL eCommerce UK Collection","DHL","Collection","11.22"
"UK mainland (London)","GBR","Small parcel 2kg 45x35x16","ups-dap-uk-standard","UPS Standard®","UPS","Collection","11.28"
"UK mainland (London)","GBR","Small parcel 2kg 45x35x16","dx-48","DX48","DX","Collection","11.39"
"UK mainland (London)","GBR","Small parcel 2kg 45x35x16","dx-24","DX24","DX","Collection","11.51"
"UK mainland (London)","GBR","Small parcel 2kg 45x35x16","parcelforce-express-48","Parcelforce Worldwide Express 48","Parcelforce","Collection","11.54"
"UK mainland (London)","GBR","Small parcel 2kg 45x35x16","parcelforce-express-24","Parcelforce Worldwide Express 24","Parcelforce","Collection","11.75"
"UK mainland (London)","GBR","Small parcel 2kg 45x35x16","fedex-uk-express","FedEx Priority Collection","FedEx Express","Collection","11.75"
"UK mainland (London)","GBR","Small parcel 2kg 45x35x16","dpd-collection","DPD Collection","DPD","Collection","12.04"
"UK mainland (London)","GBR","Small parcel 2kg 45x35x16","parcelforce-express-am","Parcelforce Worldwide Express AM","Parcelforce","Collection","12.92"
"UK mainland (London)","GBR","Small parcel 2kg 45x35x16","ups-dap-uk-express-saver","UPS Express Saver® by 12pm","UPS","Collection","15.06"
"UK mainland (London)","GBR","Small parcel 2kg 45x35x16","parcelforce-by-10am","Parcelforce Worldwide by 10am","Parcelforce","Collection","16.32"
"UK mainland (London)","GBR","Small parcel 2kg 45x35x16","ups-dap-express-uk","UPS Express® by 10.30am","UPS","Collection","20.88"
"UK mainland (London)","GBR","Small parcel 2kg 45x35x16","dx-freight","DX Freight Parcel Service","DX","Collection","57.22"
"UK mainland (London)","GBR","Small parcel 2kg 45x35x16","parcelforce-large-48","Parcelforce Worldwide Large 48","Parcelforce","Collection","61.46"
"UK mainland (London)","GBR","Racket (tennis/badminton/squash) 1kg 70x30x8","myhermes-parcelshop","Evri ParcelShop","Evri Drop-off","Shop","2.98"
"UK mainland (London)","GBR","Racket (tennis/badminton/squash) 1kg 70x30x8","myhermes-parcelshop-next-day","Evri ParcelShop Next Day","Evri Drop-off","Shop","3.82"
"UK mainland (London)","GBR","Racket (tennis/badminton/squash) 1kg 70x30x8","hermes-uk-economy","Evri Collection","Evri Collection","Collection","3.96"
"UK mainland (London)","GBR","Racket (tennis/badminton/squash) 1kg 70x30x8","yodel-collection-to-door-48","InPost Collection","Yodel Direct","Collection","4.03"
"UK mainland (London)","GBR","Racket (tennis/badminton/squash) 1kg 70x30x8","fedex-uk-express-dropoff_895","FedEx Economy Drop Off","FedEx Express","Shop","5.89"
"UK mainland (London)","GBR","Racket (tennis/badminton/squash) 1kg 70x30x8","fedex-uk-express-dropoff","FedEx Priority Drop Off","FedEx Express","Shop","6.02"
"UK mainland (London)","GBR","Racket (tennis/badminton/squash) 1kg 70x30x8","ups-access-point-dap","UPS Standard™ – drop off","UPS Access Point","Shop","7.56"
"UK mainland (London)","GBR","Racket (tennis/badminton/squash) 1kg 70x30x8","ups-dap-uk-standard","UPS Standard®","UPS","Collection","10.14"
"UK mainland (London)","GBR","Racket (tennis/badminton/squash) 1kg 70x30x8","parcelforce-express-48-drop-off","Parcelforce Worldwide Express 48 Drop Off","Parcelforce","Shop","10.73"
"UK mainland (London)","GBR","Racket (tennis/badminton/squash) 1kg 70x30x8","dx-48","DX48","DX","Collection","11.03"
"UK mainland (London)","GBR","Racket (tennis/badminton/squash) 1kg 70x30x8","dx-24","DX24","DX","Collection","11.15"
"UK mainland (London)","GBR","Racket (tennis/badminton/squash) 1kg 70x30x8","parcelforce-express-24-drop-off","Parcelforce Worldwide Express 24 Drop Off","Parcelforce","Shop","11.17"
"UK mainland (London)","GBR","Racket (tennis/badminton/squash) 1kg 70x30x8","parcelforce-express-48","Parcelforce Worldwide Express 48","Parcelforce","Collection","11.52"
"UK mainland (London)","GBR","Racket (tennis/badminton/squash) 1kg 70x30x8","parcelforce-express-24","Parcelforce Worldwide Express 24","Parcelforce","Collection","11.71"
"UK mainland (London)","GBR","Racket (tennis/badminton/squash) 1kg 70x30x8","dpd-collection","DPD Collection","DPD","Collection","11.99"
"UK mainland (London)","GBR","Racket (tennis/badminton/squash) 1kg 70x30x8","parcelforce-express-am","Parcelforce Worldwide Express AM","Parcelforce","Collection","12.92"
"UK mainland (London)","GBR","Racket (tennis/badminton/squash) 1kg 70x30x8","ups-dap-uk-express-saver","UPS Express Saver® by 12pm","UPS","Collection","13.02"
"UK mainland (London)","GBR","Racket (tennis/badminton/squash) 1kg 70x30x8","parcelforce-by-10am","Parcelforce Worldwide by 10am","Parcelforce","Collection","16.32"
"UK mainland (London)","GBR","Racket (tennis/badminton/squash) 1kg 70x30x8","ups-dap-express-uk","UPS Express® by 10.30am","UPS","Collection","18.84"
"UK mainland (London)","GBR","Racket (tennis/badminton/squash) 1kg 70x30x8","dx-freight","DX Freight Parcel Service","DX","Collection","57.22"
"UK mainland (London)","GBR","Racket (tennis/badminton/squash) 1kg 70x30x8","parcelforce-large-48","Parcelforce Worldwide Large 48","Parcelforce","Collection","61.46"
"UK mainland (London)","GBR","Bag / padel racket 2kg 80x35x15","myhermes-parcelshop","Evri ParcelShop","Evri Drop-off","Shop","3.40"
"UK mainland (London)","GBR","Bag / padel racket 2kg 80x35x15","yodel-collection-to-door-48","InPost Collection","Yodel Direct","Collection","4.21"
"UK mainland (London)","GBR","Bag / padel racket 2kg 80x35x15","myhermes-parcelshop-next-day","Evri ParcelShop Next Day","Evri Drop-off","Shop","4.51"
"UK mainland (London)","GBR","Bag / padel racket 2kg 80x35x15","hermes-uk-economy","Evri Collection","Evri Collection","Collection","5.24"
"UK mainland (London)","GBR","Bag / padel racket 2kg 80x35x15","fedex-uk-express-dropoff_895","FedEx Economy Drop Off","FedEx Express","Shop","5.89"
"UK mainland (London)","GBR","Bag / padel racket 2kg 80x35x15","fedex-uk-express-dropoff","FedEx Priority Drop Off","FedEx Express","Shop","6.02"
"UK mainland (London)","GBR","Bag / padel racket 2kg 80x35x15","ups-access-point-dap","UPS Standard™ – drop off","UPS Access Point","Shop","8.70"
"UK mainland (London)","GBR","Bag / padel racket 2kg 80x35x15","parcelforce-express-48-drop-off","Parcelforce Worldwide Express 48 Drop Off","Parcelforce","Shop","10.75"
"UK mainland (London)","GBR","Bag / padel racket 2kg 80x35x15","parcelforce-express-24-drop-off","Parcelforce Worldwide Express 24 Drop Off","Parcelforce","Shop","11.22"
"UK mainland (London)","GBR","Bag / padel racket 2kg 80x35x15","ups-dap-uk-standard","UPS Standard®","UPS","Collection","11.28"
"UK mainland (London)","GBR","Bag / padel racket 2kg 80x35x15","dx-48","DX48","DX","Collection","11.39"
"UK mainland (London)","GBR","Bag / padel racket 2kg 80x35x15","dx-24","DX24","DX","Collection","11.51"
"UK mainland (London)","GBR","Bag / padel racket 2kg 80x35x15","parcelforce-express-48","Parcelforce Worldwide Express 48","Parcelforce","Collection","11.54"
"UK mainland (London)","GBR","Bag / padel racket 2kg 80x35x15","parcelforce-express-24","Parcelforce Worldwide Express 24","Parcelforce","Collection","11.75"
"UK mainland (London)","GBR","Bag / padel racket 2kg 80x35x15","dpd-collection","DPD Collection","DPD","Collection","12.04"
"UK mainland (London)","GBR","Bag / padel racket 2kg 80x35x15","parcelforce-express-am","Parcelforce Worldwide Express AM","Parcelforce","Collection","12.92"
"UK mainland (London)","GBR","Bag / padel racket 2kg 80x35x15","ups-dap-uk-express-saver","UPS Express Saver® by 12pm","UPS","Collection","15.06"
"UK mainland (London)","GBR","Bag / padel racket 2kg 80x35x15","parcelforce-by-10am","Parcelforce Worldwide by 10am","Parcelforce","Collection","16.32"
"UK mainland (London)","GBR","Bag / padel racket 2kg 80x35x15","ups-dap-express-uk","UPS Express® by 10.30am","UPS","Collection","20.88"
"UK mainland (London)","GBR","Bag / padel racket 2kg 80x35x15","dx-freight","DX Freight Parcel Service","DX","Collection","57.22"
"UK mainland (London)","GBR","Bag / padel racket 2kg 80x35x15","parcelforce-large-48","Parcelforce Worldwide Large 48","Parcelforce","Collection","61.46"
"Northern Ireland (Belfast)","GBR","Large letter 1kg 35x25x2","royalmail-largeletter-48","Royal Mail 48 Tracked Large Letter","Royal Mail","Shop","2.85"
"Northern Ireland (Belfast)","GBR","Large letter 1kg 35x25x2","royalmail-largeletter-24","Royal Mail 24 Tracked Large Letter","Royal Mail","Shop","3.80"
"Northern Ireland (Belfast)","GBR","Large letter 1kg 35x25x2","dhl-uk","DHL eCommerce UK Collection","DHL","Collection","10.57"
"Northern Ireland (Belfast)","GBR","Small parcel 2kg 45x35x16","dhl-uk","DHL eCommerce UK Collection","DHL","Collection","11.22"
"Scottish Highlands (Inverness)","GBR","Large letter 1kg 35x25x2","royalmail-largeletter-48","Royal Mail 48 Tracked Large Letter","Royal Mail","Shop","2.85"
"Scottish Highlands (Inverness)","GBR","Large letter 1kg 35x25x2","royalmail-int_2606","Royal Mail 48 Tracked Small","Royal Mail","Shop","3.65"
"Scottish Highlands (Inverness)","GBR","Large letter 1kg 35x25x2","royalmail-largeletter-24","Royal Mail 24 Tracked Large Letter","Royal Mail","Shop","3.80"
"Scottish Highlands (Inverness)","GBR","Large letter 1kg 35x25x2","royalmail-int_2606_2608","Royal Mail 48 Tracked Small Collection","Royal Mail","Collection","3.95"
"Scottish Highlands (Inverness)","GBR","Large letter 1kg 35x25x2","royalmail-int_2606_2607","Royal Mail 24 Tracked Small","Royal Mail","Shop","4.65"
"Scottish Highlands (Inverness)","GBR","Large letter 1kg 35x25x2","royalmail-int_2606_2608_2609","Royal Mail 24 Tracked Small Collection","Royal Mail","Collection","4.95"
"Scottish Highlands (Inverness)","GBR","Large letter 1kg 35x25x2","royalmail-int_2606_2616","Royal Mail 48 Tracked Medium","Royal Mail","Shop","5.55"
"Scottish Highlands (Inverness)","GBR","Large letter 1kg 35x25x2","royalmail-int_2606_2608_2618","Royal Mail 48 Tracked Medium Collection","Royal Mail","Collection","5.85"
"Scottish Highlands (Inverness)","GBR","Large letter 1kg 35x25x2","collect-plus-drop-off-service-72hr","InPost Shop to Home","Yodel Direct","Shop","6.36"
"Scottish Highlands (Inverness)","GBR","Large letter 1kg 35x25x2","royalmail-int_2606_2607_2617","Royal Mail 24 Tracked Medium","Royal Mail","Shop","6.55"
"Scottish Highlands (Inverness)","GBR","Large letter 1kg 35x25x2","royalmail-int_2606_2608_2609_2619","Royal Mail 24 Tracked Medium Collection","Royal Mail","Collection","6.85"
"Scottish Highlands (Inverness)","GBR","Large letter 1kg 35x25x2","yodel-collection-to-door-48","InPost Collection","Yodel Direct","Collection","7.75"
"Scottish Highlands (Inverness)","GBR","Large letter 1kg 35x25x2","ups-dap-uk-express-saver","UPS Express Saver® by 12pm","UPS","Collection","12.72"
"Scottish Highlands (Inverness)","GBR","Large letter 1kg 35x25x2","ups-dap-express-uk","UPS Express® by 10.30am","UPS","Collection","18.54"
"Scottish Highlands (Inverness)","GBR","Small parcel 2kg 45x35x16","royalmail-int_2606","Royal Mail 48 Tracked Small","Royal Mail","Shop","3.65"
"Scottish Highlands (Inverness)","GBR","Small parcel 2kg 45x35x16","royalmail-int_2606_2608","Royal Mail 48 Tracked Small Collection","Royal Mail","Collection","3.95"
"Scottish Highlands (Inverness)","GBR","Small parcel 2kg 45x35x16","royalmail-int_2606_2607","Royal Mail 24 Tracked Small","Royal Mail","Shop","4.65"
"Scottish Highlands (Inverness)","GBR","Small parcel 2kg 45x35x16","royalmail-int_2606_2608_2609","Royal Mail 24 Tracked Small Collection","Royal Mail","Collection","4.95"
"Scottish Highlands (Inverness)","GBR","Small parcel 2kg 45x35x16","royalmail-int_2606_2616","Royal Mail 48 Tracked Medium","Royal Mail","Shop","5.55"
"Scottish Highlands (Inverness)","GBR","Small parcel 2kg 45x35x16","royalmail-int_2606_2608_2618","Royal Mail 48 Tracked Medium Collection","Royal Mail","Collection","5.85"
"Scottish Highlands (Inverness)","GBR","Small parcel 2kg 45x35x16","royalmail-int_2606_2607_2617","Royal Mail 24 Tracked Medium","Royal Mail","Shop","6.55"
"Scottish Highlands (Inverness)","GBR","Small parcel 2kg 45x35x16","royalmail-int_2606_2608_2609_2619","Royal Mail 24 Tracked Medium Collection","Royal Mail","Collection","6.85"
"Scottish Highlands (Inverness)","GBR","Small parcel 2kg 45x35x16","collect-plus-drop-off-service-72hr","InPost Shop to Home","Yodel Direct","Shop","6.96"
"Scottish Highlands (Inverness)","GBR","Small parcel 2kg 45x35x16","yodel-collection-to-door-48","InPost Collection","Yodel Direct","Collection","7.93"
"Scottish Highlands (Inverness)","GBR","Small parcel 2kg 45x35x16","ups-dap-uk-express-saver","UPS Express Saver® by 12pm","UPS","Collection","15.06"
"Scottish Highlands (Inverness)","GBR","Small parcel 2kg 45x35x16","ups-dap-express-uk","UPS Express® by 10.30am","UPS","Collection","20.88"
"Scottish Highlands (Inverness)","GBR","Racket (tennis/badminton/squash) 1kg 70x30x8","yodel-collection-to-door-48","InPost Collection","Yodel Direct","Collection","7.75"
"Scottish Highlands (Inverness)","GBR","Racket (tennis/badminton/squash) 1kg 70x30x8","ups-dap-uk-express-saver","UPS Express Saver® by 12pm","UPS","Collection","13.02"
"Scottish Highlands (Inverness)","GBR","Racket (tennis/badminton/squash) 1kg 70x30x8","ups-dap-express-uk","UPS Express® by 10.30am","UPS","Collection","18.84"
"Scottish Highlands (Inverness)","GBR","Bag / padel racket 2kg 80x35x15","yodel-collection-to-door-48","InPost Collection","Yodel Direct","Collection","7.93"
"Scottish Highlands (Inverness)","GBR","Bag / padel racket 2kg 80x35x15","ups-dap-uk-express-saver","UPS Express Saver® by 12pm","UPS","Collection","15.06"
"Scottish Highlands (Inverness)","GBR","Bag / padel racket 2kg 80x35x15","ups-dap-express-uk","UPS Express® by 10.30am","UPS","Collection","20.88"
"Orkney (Kirkwall)","GBR","Large letter 1kg 35x25x2","royalmail-largeletter-48","Royal Mail 48 Tracked Large Letter","Royal Mail","Shop","2.85"
"Orkney (Kirkwall)","GBR","Large letter 1kg 35x25x2","royalmail-int_2606","Royal Mail 48 Tracked Small","Royal Mail","Shop","3.65"
"Orkney (Kirkwall)","GBR","Large letter 1kg 35x25x2","royalmail-largeletter-24","Royal Mail 24 Tracked Large Letter","Royal Mail","Shop","3.80"
"Orkney (Kirkwall)","GBR","Large letter 1kg 35x25x2","royalmail-int_2606_2608","Royal Mail 48 Tracked Small Collection","Royal Mail","Collection","3.95"
"Orkney (Kirkwall)","GBR","Large letter 1kg 35x25x2","royalmail-int_2606_2607","Royal Mail 24 Tracked Small","Royal Mail","Shop","4.65"
"Orkney (Kirkwall)","GBR","Large letter 1kg 35x25x2","royalmail-int_2606_2608_2609","Royal Mail 24 Tracked Small Collection","Royal Mail","Collection","4.95"
"Orkney (Kirkwall)","GBR","Large letter 1kg 35x25x2","royalmail-int_2606_2616","Royal Mail 48 Tracked Medium","Royal Mail","Shop","5.55"
"Orkney (Kirkwall)","GBR","Large letter 1kg 35x25x2","royalmail-int_2606_2608_2618","Royal Mail 48 Tracked Medium Collection","Royal Mail","Collection","5.85"
"Orkney (Kirkwall)","GBR","Large letter 1kg 35x25x2","collect-plus-drop-off-service-72hr","InPost Shop to Home","Yodel Direct","Shop","6.36"
"Orkney (Kirkwall)","GBR","Large letter 1kg 35x25x2","royalmail-int_2606_2607_2617","Royal Mail 24 Tracked Medium","Royal Mail","Shop","6.55"
"Orkney (Kirkwall)","GBR","Large letter 1kg 35x25x2","royalmail-int_2606_2608_2609_2619","Royal Mail 24 Tracked Medium Collection","Royal Mail","Collection","6.85"
"Orkney (Kirkwall)","GBR","Large letter 1kg 35x25x2","yodel-collection-to-door-48","InPost Collection","Yodel Direct","Collection","7.75"
"Orkney (Kirkwall)","GBR","Large letter 1kg 35x25x2","ups-dap-uk-express-saver","UPS Express Saver® by 12pm","UPS","Collection","12.72"
"Orkney (Kirkwall)","GBR","Large letter 1kg 35x25x2","ups-dap-express-uk","UPS Express® by 10.30am","UPS","Collection","18.54"
"Orkney (Kirkwall)","GBR","Large letter 1kg 35x25x2","parcelforce-express-48-drop-off","Parcelforce Worldwide Express 48 Drop Off","Parcelforce","Shop","22.37"
"Orkney (Kirkwall)","GBR","Large letter 1kg 35x25x2","parcelforce-express-24-drop-off","Parcelforce Worldwide Express 24 Drop Off","Parcelforce","Shop","22.81"
"Orkney (Kirkwall)","GBR","Large letter 1kg 35x25x2","parcelforce-by-10am","Parcelforce Worldwide by 10am","Parcelforce","Collection","27.96"
"Orkney (Kirkwall)","GBR","Small parcel 2kg 45x35x16","royalmail-int_2606","Royal Mail 48 Tracked Small","Royal Mail","Shop","3.65"
"Orkney (Kirkwall)","GBR","Small parcel 2kg 45x35x16","royalmail-int_2606_2608","Royal Mail 48 Tracked Small Collection","Royal Mail","Collection","3.95"
"Orkney (Kirkwall)","GBR","Small parcel 2kg 45x35x16","royalmail-int_2606_2607","Royal Mail 24 Tracked Small","Royal Mail","Shop","4.65"
"Orkney (Kirkwall)","GBR","Small parcel 2kg 45x35x16","royalmail-int_2606_2608_2609","Royal Mail 24 Tracked Small Collection","Royal Mail","Collection","4.95"
"Orkney (Kirkwall)","GBR","Small parcel 2kg 45x35x16","royalmail-int_2606_2616","Royal Mail 48 Tracked Medium","Royal Mail","Shop","5.55"
"Orkney (Kirkwall)","GBR","Small parcel 2kg 45x35x16","royalmail-int_2606_2608_2618","Royal Mail 48 Tracked Medium Collection","Royal Mail","Collection","5.85"
"Orkney (Kirkwall)","GBR","Small parcel 2kg 45x35x16","royalmail-int_2606_2607_2617","Royal Mail 24 Tracked Medium","Royal Mail","Shop","6.55"
"Orkney (Kirkwall)","GBR","Small parcel 2kg 45x35x16","royalmail-int_2606_2608_2609_2619","Royal Mail 24 Tracked Medium Collection","Royal Mail","Collection","6.85"
"Orkney (Kirkwall)","GBR","Small parcel 2kg 45x35x16","collect-plus-drop-off-service-72hr","InPost Shop to Home","Yodel Direct","Shop","6.96"
"Orkney (Kirkwall)","GBR","Small parcel 2kg 45x35x16","yodel-collection-to-door-48","InPost Collection","Yodel Direct","Collection","7.93"
"Orkney (Kirkwall)","GBR","Small parcel 2kg 45x35x16","ups-dap-uk-express-saver","UPS Express Saver® by 12pm","UPS","Collection","15.06"
"Orkney (Kirkwall)","GBR","Small parcel 2kg 45x35x16","ups-dap-express-uk","UPS Express® by 10.30am","UPS","Collection","20.88"
"Orkney (Kirkwall)","GBR","Small parcel 2kg 45x35x16","parcelforce-express-48-drop-off","Parcelforce Worldwide Express 48 Drop Off","Parcelforce","Shop","22.39"
"Orkney (Kirkwall)","GBR","Small parcel 2kg 45x35x16","parcelforce-express-24-drop-off","Parcelforce Worldwide Express 24 Drop Off","Parcelforce","Shop","22.86"
"Orkney (Kirkwall)","GBR","Small parcel 2kg 45x35x16","parcelforce-by-10am","Parcelforce Worldwide by 10am","Parcelforce","Collection","27.96"
"Orkney (Kirkwall)","GBR","Racket (tennis/badminton/squash) 1kg 70x30x8","yodel-collection-to-door-48","InPost Collection","Yodel Direct","Collection","7.75"
"Orkney (Kirkwall)","GBR","Racket (tennis/badminton/squash) 1kg 70x30x8","ups-dap-uk-express-saver","UPS Express Saver® by 12pm","UPS","Collection","13.02"
"Orkney (Kirkwall)","GBR","Racket (tennis/badminton/squash) 1kg 70x30x8","ups-dap-express-uk","UPS Express® by 10.30am","UPS","Collection","18.84"
"Orkney (Kirkwall)","GBR","Racket (tennis/badminton/squash) 1kg 70x30x8","parcelforce-express-48-drop-off","Parcelforce Worldwide Express 48 Drop Off","Parcelforce","Shop","22.37"
"Orkney (Kirkwall)","GBR","Racket (tennis/badminton/squash) 1kg 70x30x8","parcelforce-express-24-drop-off","Parcelforce Worldwide Express 24 Drop Off","Parcelforce","Shop","22.81"
"Orkney (Kirkwall)","GBR","Racket (tennis/badminton/squash) 1kg 70x30x8","parcelforce-by-10am","Parcelforce Worldwide by 10am","Parcelforce","Collection","27.96"
"Orkney (Kirkwall)","GBR","Bag / padel racket 2kg 80x35x15","yodel-collection-to-door-48","InPost Collection","Yodel Direct","Collection","7.93"
"Orkney (Kirkwall)","GBR","Bag / padel racket 2kg 80x35x15","ups-dap-uk-express-saver","UPS Express Saver® by 12pm","UPS","Collection","15.06"
"Orkney (Kirkwall)","GBR","Bag / padel racket 2kg 80x35x15","ups-dap-express-uk","UPS Express® by 10.30am","UPS","Collection","20.88"
"Orkney (Kirkwall)","GBR","Bag / padel racket 2kg 80x35x15","parcelforce-express-48-drop-off","Parcelforce Worldwide Express 48 Drop Off","Parcelforce","Shop","22.39"
"Orkney (Kirkwall)","GBR","Bag / padel racket 2kg 80x35x15","parcelforce-express-24-drop-off","Parcelforce Worldwide Express 24 Drop Off","Parcelforce","Shop","22.86"
"Orkney (Kirkwall)","GBR","Bag / padel racket 2kg 80x35x15","parcelforce-by-10am","Parcelforce Worldwide by 10am","Parcelforce","Collection","27.96"
"Shetland (Lerwick)","GBR","Large letter 1kg 35x25x2","royalmail-largeletter-48","Royal Mail 48 Tracked Large Letter","Royal Mail","Shop","2.85"
"Shetland (Lerwick)","GBR","Large letter 1kg 35x25x2","royalmail-int_2606","Royal Mail 48 Tracked Small","Royal Mail","Shop","3.65"
"Shetland (Lerwick)","GBR","Large letter 1kg 35x25x2","royalmail-largeletter-24","Royal Mail 24 Tracked Large Letter","Royal Mail","Shop","3.80"
"Shetland (Lerwick)","GBR","Large letter 1kg 35x25x2","royalmail-int_2606_2608","Royal Mail 48 Tracked Small Collection","Royal Mail","Collection","3.95"
"Shetland (Lerwick)","GBR","Large letter 1kg 35x25x2","royalmail-int_2606_2607","Royal Mail 24 Tracked Small","Royal Mail","Shop","4.65"
"Shetland (Lerwick)","GBR","Large letter 1kg 35x25x2","royalmail-int_2606_2608_2609","Royal Mail 24 Tracked Small Collection","Royal Mail","Collection","4.95"
"Shetland (Lerwick)","GBR","Large letter 1kg 35x25x2","royalmail-int_2606_2616","Royal Mail 48 Tracked Medium","Royal Mail","Shop","5.55"
"Shetland (Lerwick)","GBR","Large letter 1kg 35x25x2","royalmail-int_2606_2608_2618","Royal Mail 48 Tracked Medium Collection","Royal Mail","Collection","5.85"
"Shetland (Lerwick)","GBR","Large letter 1kg 35x25x2","collect-plus-drop-off-service-72hr","InPost Shop to Home","Yodel Direct","Shop","6.36"
"Shetland (Lerwick)","GBR","Large letter 1kg 35x25x2","royalmail-int_2606_2607_2617","Royal Mail 24 Tracked Medium","Royal Mail","Shop","6.55"
"Shetland (Lerwick)","GBR","Large letter 1kg 35x25x2","royalmail-int_2606_2608_2609_2619","Royal Mail 24 Tracked Medium Collection","Royal Mail","Collection","6.85"
"Shetland (Lerwick)","GBR","Large letter 1kg 35x25x2","yodel-collection-to-door-48","InPost Collection","Yodel Direct","Collection","7.75"
"Shetland (Lerwick)","GBR","Small parcel 2kg 45x35x16","royalmail-int_2606","Royal Mail 48 Tracked Small","Royal Mail","Shop","3.65"
"Shetland (Lerwick)","GBR","Small parcel 2kg 45x35x16","royalmail-int_2606_2608","Royal Mail 48 Tracked Small Collection","Royal Mail","Collection","3.95"
"Shetland (Lerwick)","GBR","Small parcel 2kg 45x35x16","royalmail-int_2606_2607","Royal Mail 24 Tracked Small","Royal Mail","Shop","4.65"
"Shetland (Lerwick)","GBR","Small parcel 2kg 45x35x16","royalmail-int_2606_2608_2609","Royal Mail 24 Tracked Small Collection","Royal Mail","Collection","4.95"
"Shetland (Lerwick)","GBR","Small parcel 2kg 45x35x16","royalmail-int_2606_2616","Royal Mail 48 Tracked Medium","Royal Mail","Shop","5.55"
"Shetland (Lerwick)","GBR","Small parcel 2kg 45x35x16","royalmail-int_2606_2608_2618","Royal Mail 48 Tracked Medium Collection","Royal Mail","Collection","5.85"
"Shetland (Lerwick)","GBR","Small parcel 2kg 45x35x16","royalmail-int_2606_2607_2617","Royal Mail 24 Tracked Medium","Royal Mail","Shop","6.55"
"Shetland (Lerwick)","GBR","Small parcel 2kg 45x35x16","royalmail-int_2606_2608_2609_2619","Royal Mail 24 Tracked Medium Collection","Royal Mail","Collection","6.85"
"Shetland (Lerwick)","GBR","Small parcel 2kg 45x35x16","collect-plus-drop-off-service-72hr","InPost Shop to Home","Yodel Direct","Shop","6.96"
"Shetland (Lerwick)","GBR","Small parcel 2kg 45x35x16","yodel-collection-to-door-48","InPost Collection","Yodel Direct","Collection","7.93"
"Shetland (Lerwick)","GBR","Racket (tennis/badminton/squash) 1kg 70x30x8","yodel-collection-to-door-48","InPost Collection","Yodel Direct","Collection","7.75"
"Shetland (Lerwick)","GBR","Bag / padel racket 2kg 80x35x15","yodel-collection-to-door-48","InPost Collection","Yodel Direct","Collection","7.93"
"Western Isles (Stornoway)","GBR","Large letter 1kg 35x25x2","royalmail-largeletter-48","Royal Mail 48 Tracked Large Letter","Royal Mail","Shop","2.85"
"Western Isles (Stornoway)","GBR","Large letter 1kg 35x25x2","royalmail-int_2606","Royal Mail 48 Tracked Small","Royal Mail","Shop","3.65"
"Western Isles (Stornoway)","GBR","Large letter 1kg 35x25x2","royalmail-largeletter-24","Royal Mail 24 Tracked Large Letter","Royal Mail","Shop","3.80"
"Western Isles (Stornoway)","GBR","Large letter 1kg 35x25x2","royalmail-int_2606_2608","Royal Mail 48 Tracked Small Collection","Royal Mail","Collection","3.95"
"Western Isles (Stornoway)","GBR","Large letter 1kg 35x25x2","royalmail-int_2606_2607","Royal Mail 24 Tracked Small","Royal Mail","Shop","4.65"
"Western Isles (Stornoway)","GBR","Large letter 1kg 35x25x2","royalmail-int_2606_2608_2609","Royal Mail 24 Tracked Small Collection","Royal Mail","Collection","4.95"
"Western Isles (Stornoway)","GBR","Large letter 1kg 35x25x2","royalmail-int_2606_2616","Royal Mail 48 Tracked Medium","Royal Mail","Shop","5.55"
"Western Isles (Stornoway)","GBR","Large letter 1kg 35x25x2","royalmail-int_2606_2608_2618","Royal Mail 48 Tracked Medium Collection","Royal Mail","Collection","5.85"
"Western Isles (Stornoway)","GBR","Large letter 1kg 35x25x2","collect-plus-drop-off-service-72hr","InPost Shop to Home","Yodel Direct","Shop","6.36"
"Western Isles (Stornoway)","GBR","Large letter 1kg 35x25x2","royalmail-int_2606_2607_2617","Royal Mail 24 Tracked Medium","Royal Mail","Shop","6.55"
"Western Isles (Stornoway)","GBR","Large letter 1kg 35x25x2","royalmail-int_2606_2608_2609_2619","Royal Mail 24 Tracked Medium Collection","Royal Mail","Collection","6.85"
"Western Isles (Stornoway)","GBR","Large letter 1kg 35x25x2","yodel-collection-to-door-48","InPost Collection","Yodel Direct","Collection","7.75"
"Western Isles (Stornoway)","GBR","Large letter 1kg 35x25x2","ups-dap-uk-express-saver","UPS Express Saver® by 12pm","UPS","Collection","12.72"
"Western Isles (Stornoway)","GBR","Large letter 1kg 35x25x2","ups-dap-express-uk","UPS Express® by 10.30am","UPS","Collection","18.54"
"Western Isles (Stornoway)","GBR","Large letter 1kg 35x25x2","parcelforce-express-48-drop-off","Parcelforce Worldwide Express 48 Drop Off","Parcelforce","Shop","22.37"
"Western Isles (Stornoway)","GBR","Large letter 1kg 35x25x2","parcelforce-express-24-drop-off","Parcelforce Worldwide Express 24 Drop Off","Parcelforce","Shop","22.81"
"Western Isles (Stornoway)","GBR","Large letter 1kg 35x25x2","parcelforce-by-10am","Parcelforce Worldwide by 10am","Parcelforce","Collection","27.96"
"Western Isles (Stornoway)","GBR","Large letter 1kg 35x25x2","fedex-uk-express-dropoff_895","FedEx Economy Drop Off","FedEx Express","Shop","30.78"
"Western Isles (Stornoway)","GBR","Large letter 1kg 35x25x2","fedex-uk-express-dropoff","FedEx Priority Drop Off","FedEx Express","Shop","30.79"
"Western Isles (Stornoway)","GBR","Large letter 1kg 35x25x2","fedex-uk-economy-1","FedEx Economy Collection","FedEx Express","Collection","35.78"
"Western Isles (Stornoway)","GBR","Large letter 1kg 35x25x2","fedex-uk-express","FedEx Priority Collection","FedEx Express","Collection","37.48"
"Western Isles (Stornoway)","GBR","Small parcel 2kg 45x35x16","royalmail-int_2606","Royal Mail 48 Tracked Small","Royal Mail","Shop","3.65"
"Western Isles (Stornoway)","GBR","Small parcel 2kg 45x35x16","royalmail-int_2606_2608","Royal Mail 48 Tracked Small Collection","Royal Mail","Collection","3.95"
"Western Isles (Stornoway)","GBR","Small parcel 2kg 45x35x16","royalmail-int_2606_2607","Royal Mail 24 Tracked Small","Royal Mail","Shop","4.65"
"Western Isles (Stornoway)","GBR","Small parcel 2kg 45x35x16","royalmail-int_2606_2608_2609","Royal Mail 24 Tracked Small Collection","Royal Mail","Collection","4.95"
"Western Isles (Stornoway)","GBR","Small parcel 2kg 45x35x16","royalmail-int_2606_2616","Royal Mail 48 Tracked Medium","Royal Mail","Shop","5.55"
"Western Isles (Stornoway)","GBR","Small parcel 2kg 45x35x16","royalmail-int_2606_2608_2618","Royal Mail 48 Tracked Medium Collection","Royal Mail","Collection","5.85"
"Western Isles (Stornoway)","GBR","Small parcel 2kg 45x35x16","royalmail-int_2606_2607_2617","Royal Mail 24 Tracked Medium","Royal Mail","Shop","6.55"
"Western Isles (Stornoway)","GBR","Small parcel 2kg 45x35x16","royalmail-int_2606_2608_2609_2619","Royal Mail 24 Tracked Medium Collection","Royal Mail","Collection","6.85"
"Western Isles (Stornoway)","GBR","Small parcel 2kg 45x35x16","collect-plus-drop-off-service-72hr","InPost Shop to Home","Yodel Direct","Shop","6.96"
"Western Isles (Stornoway)","GBR","Small parcel 2kg 45x35x16","yodel-collection-to-door-48","InPost Collection","Yodel Direct","Collection","7.93"
"Western Isles (Stornoway)","GBR","Small parcel 2kg 45x35x16","ups-dap-uk-express-saver","UPS Express Saver® by 12pm","UPS","Collection","15.06"
"Western Isles (Stornoway)","GBR","Small parcel 2kg 45x35x16","ups-dap-express-uk","UPS Express® by 10.30am","UPS","Collection","20.88"
"Western Isles (Stornoway)","GBR","Small parcel 2kg 45x35x16","parcelforce-express-48-drop-off","Parcelforce Worldwide Express 48 Drop Off","Parcelforce","Shop","22.39"
"Western Isles (Stornoway)","GBR","Small parcel 2kg 45x35x16","parcelforce-express-24-drop-off","Parcelforce Worldwide Express 24 Drop Off","Parcelforce","Shop","22.86"
"Western Isles (Stornoway)","GBR","Small parcel 2kg 45x35x16","parcelforce-by-10am","Parcelforce Worldwide by 10am","Parcelforce","Collection","27.96"
"Western Isles (Stornoway)","GBR","Small parcel 2kg 45x35x16","fedex-uk-express-dropoff_895","FedEx Economy Drop Off","FedEx Express","Shop","32.29"
"Western Isles (Stornoway)","GBR","Small parcel 2kg 45x35x16","fedex-uk-express-dropoff","FedEx Priority Drop Off","FedEx Express","Shop","32.42"
"Western Isles (Stornoway)","GBR","Small parcel 2kg 45x35x16","fedex-uk-economy-1","FedEx Economy Collection","FedEx Express","Collection","35.78"
"Western Isles (Stornoway)","GBR","Small parcel 2kg 45x35x16","fedex-uk-express","FedEx Priority Collection","FedEx Express","Collection","38.15"
"Western Isles (Stornoway)","GBR","Racket (tennis/badminton/squash) 1kg 70x30x8","yodel-collection-to-door-48","InPost Collection","Yodel Direct","Collection","7.75"
"Western Isles (Stornoway)","GBR","Racket (tennis/badminton/squash) 1kg 70x30x8","ups-dap-uk-express-saver","UPS Express Saver® by 12pm","UPS","Collection","13.02"
"Western Isles (Stornoway)","GBR","Racket (tennis/badminton/squash) 1kg 70x30x8","ups-dap-express-uk","UPS Express® by 10.30am","UPS","Collection","18.84"
"Western Isles (Stornoway)","GBR","Racket (tennis/badminton/squash) 1kg 70x30x8","parcelforce-express-48-drop-off","Parcelforce Worldwide Express 48 Drop Off","Parcelforce","Shop","22.37"
"Western Isles (Stornoway)","GBR","Racket (tennis/badminton/squash) 1kg 70x30x8","parcelforce-express-24-drop-off","Parcelforce Worldwide Express 24 Drop Off","Parcelforce","Shop","22.81"
"Western Isles (Stornoway)","GBR","Racket (tennis/badminton/squash) 1kg 70x30x8","parcelforce-by-10am","Parcelforce Worldwide by 10am","Parcelforce","Collection","27.96"
"Western Isles (Stornoway)","GBR","Racket (tennis/badminton/squash) 1kg 70x30x8","fedex-uk-express-dropoff_895","FedEx Economy Drop Off","FedEx Express","Shop","32.29"
"Western Isles (Stornoway)","GBR","Racket (tennis/badminton/squash) 1kg 70x30x8","fedex-uk-express-dropoff","FedEx Priority Drop Off","FedEx Express","Shop","32.42"
"Western Isles (Stornoway)","GBR","Bag / padel racket 2kg 80x35x15","yodel-collection-to-door-48","InPost Collection","Yodel Direct","Collection","7.93"
"Western Isles (Stornoway)","GBR","Bag / padel racket 2kg 80x35x15","ups-dap-uk-express-saver","UPS Express Saver® by 12pm","UPS","Collection","15.06"
"Western Isles (Stornoway)","GBR","Bag / padel racket 2kg 80x35x15","ups-dap-express-uk","UPS Express® by 10.30am","UPS","Collection","20.88"
"Western Isles (Stornoway)","GBR","Bag / padel racket 2kg 80x35x15","parcelforce-express-48-drop-off","Parcelforce Worldwide Express 48 Drop Off","Parcelforce","Shop","22.39"
"Western Isles (Stornoway)","GBR","Bag / padel racket 2kg 80x35x15","parcelforce-express-24-drop-off","Parcelforce Worldwide Express 24 Drop Off","Parcelforce","Shop","22.86"
"Western Isles (Stornoway)","GBR","Bag / padel racket 2kg 80x35x15","parcelforce-by-10am","Parcelforce Worldwide by 10am","Parcelforce","Collection","27.96"
"Western Isles (Stornoway)","GBR","Bag / padel racket 2kg 80x35x15","fedex-uk-express-dropoff_895","FedEx Economy Drop Off","FedEx Express","Shop","32.29"
"Western Isles (Stornoway)","GBR","Bag / padel racket 2kg 80x35x15","fedex-uk-express-dropoff","FedEx Priority Drop Off","FedEx Express","Shop","32.42"
"Isle of Man (Douglas)","IMN","Large letter 1kg 35x25x2","ERROR","[parcel2go] POST /quotes -> 400 {""Message"":""Invalid delivery country : IMN""}","","",""
"Isle of Man (Douglas)","IMN","Small parcel 2kg 45x35x16","ERROR","[parcel2go] POST /quotes -> 400 {""Message"":""Invalid delivery country : IMN""}","","",""
"Isle of Man (Douglas)","IMN","Racket (tennis/badminton/squash) 1kg 70x30x8","ERROR","[parcel2go] POST /quotes -> 400 {""Message"":""Invalid delivery country : IMN""}","","",""
"Isle of Man (Douglas)","IMN","Bag / padel racket 2kg 80x35x15","ERROR","[parcel2go] POST /quotes -> 400 {""Message"":""Invalid delivery country : IMN""}","","",""
"Jersey (St Helier)","JEY","Large letter 1kg 35x25x2","royalmail-int_2606","Royal Mail 48 Tracked Small","Royal Mail","Shop","3.04"
"Jersey (St Helier)","JEY","Large letter 1kg 35x25x2","royalmail-int_2606_2608","Royal Mail 48 Tracked Small Collection","Royal Mail","Collection","3.29"
"Jersey (St Helier)","JEY","Large letter 1kg 35x25x2","royalmail-int_2606_2607","Royal Mail 24 Tracked Small","Royal Mail","Shop","3.88"
"Jersey (St Helier)","JEY","Large letter 1kg 35x25x2","royalmail-int_2606_2608_2609","Royal Mail 24 Tracked Small Collection","Royal Mail","Collection","4.13"
"Jersey (St Helier)","JEY","Large letter 1kg 35x25x2","royalmail-int_2606_2616","Royal Mail 48 Tracked Medium","Royal Mail","Shop","4.63"
"Jersey (St Helier)","JEY","Large letter 1kg 35x25x2","royalmail-int_2606_2608_2618","Royal Mail 48 Tracked Medium Collection","Royal Mail","Collection","4.88"
"Jersey (St Helier)","JEY","Large letter 1kg 35x25x2","royalmail-int_2606_2607_2617","Royal Mail 24 Tracked Medium","Royal Mail","Shop","5.46"
"Jersey (St Helier)","JEY","Large letter 1kg 35x25x2","royalmail-int_2606_2608_2609_2619","Royal Mail 24 Tracked Medium Collection","Royal Mail","Collection","5.71"
"Jersey (St Helier)","JEY","Large letter 1kg 35x25x2","parcelforce-channel-islands","Parcelforce Worldwide - Channel Islands","Parcelforce","Collection","12.04"
"Jersey (St Helier)","JEY","Large letter 1kg 35x25x2","landmark-dropoff","Landmark Drop Shop","Landmark","Shop","19.82"
"Jersey (St Helier)","JEY","Large letter 1kg 35x25x2","landmark-collection","Landmark Collection","Landmark","Collection","20.60"
"Jersey (St Helier)","JEY","Large letter 1kg 35x25x2","ups-access-point-dap-euro","UPS Standard™ – drop off","UPS Access Point","Shop","24.20"
"Jersey (St Helier)","JEY","Large letter 1kg 35x25x2","ups-dap-standard","UPS Standard®","UPS","Collection","26.35"
"Jersey (St Helier)","JEY","Large letter 1kg 35x25x2","ups-access-point-dap-express","UPS Express Saver™ - drop off","UPS Access Point","Shop","36.42"
"Jersey (St Helier)","JEY","Large letter 1kg 35x25x2","ups-dap-express-saver","UPS Express Saver®","UPS","Collection","38.57"
"Jersey (St Helier)","JEY","Small parcel 2kg 45x35x16","royalmail-int_2606","Royal Mail 48 Tracked Small","Royal Mail","Shop","3.04"
"Jersey (St Helier)","JEY","Small parcel 2kg 45x35x16","royalmail-int_2606_2608","Royal Mail 48 Tracked Small Collection","Royal Mail","Collection","3.29"
"Jersey (St Helier)","JEY","Small parcel 2kg 45x35x16","royalmail-int_2606_2607","Royal Mail 24 Tracked Small","Royal Mail","Shop","3.88"
"Jersey (St Helier)","JEY","Small parcel 2kg 45x35x16","royalmail-int_2606_2608_2609","Royal Mail 24 Tracked Small Collection","Royal Mail","Collection","4.13"
"Jersey (St Helier)","JEY","Small parcel 2kg 45x35x16","royalmail-int_2606_2616","Royal Mail 48 Tracked Medium","Royal Mail","Shop","4.63"
"Jersey (St Helier)","JEY","Small parcel 2kg 45x35x16","royalmail-int_2606_2608_2618","Royal Mail 48 Tracked Medium Collection","Royal Mail","Collection","4.88"
"Jersey (St Helier)","JEY","Small parcel 2kg 45x35x16","royalmail-int_2606_2607_2617","Royal Mail 24 Tracked Medium","Royal Mail","Shop","5.46"
"Jersey (St Helier)","JEY","Small parcel 2kg 45x35x16","royalmail-int_2606_2608_2609_2619","Royal Mail 24 Tracked Medium Collection","Royal Mail","Collection","5.71"
"Jersey (St Helier)","JEY","Small parcel 2kg 45x35x16","parcelforce-channel-islands","Parcelforce Worldwide - Channel Islands","Parcelforce","Collection","19.47"
"Jersey (St Helier)","JEY","Small parcel 2kg 45x35x16","landmark-dropoff","Landmark Drop Shop","Landmark","Shop","30.18"
"Jersey (St Helier)","JEY","Small parcel 2kg 45x35x16","landmark-collection","Landmark Collection","Landmark","Collection","30.96"
"Jersey (St Helier)","JEY","Small parcel 2kg 45x35x16","ups-access-point-dap-euro","UPS Standard™ – drop off","UPS Access Point","Shop","34.39"
"Jersey (St Helier)","JEY","Small parcel 2kg 45x35x16","ups-dap-standard","UPS Standard®","UPS","Collection","36.54"
"Jersey (St Helier)","JEY","Small parcel 2kg 45x35x16","ups-access-point-dap-express","UPS Express Saver™ - drop off","UPS Access Point","Shop","51.61"
"Jersey (St Helier)","JEY","Small parcel 2kg 45x35x16","ups-dap-express-saver","UPS Express Saver®","UPS","Collection","53.76"
"Jersey (St Helier)","JEY","Racket (tennis/badminton/squash) 1kg 70x30x8","parcelforce-channel-islands","Parcelforce Worldwide - Channel Islands","Parcelforce","Collection","16.85"
"Jersey (St Helier)","JEY","Racket (tennis/badminton/squash) 1kg 70x30x8","ups-access-point-dap-euro","UPS Standard™ – drop off","UPS Access Point","Shop","25.46"
"Jersey (St Helier)","JEY","Racket (tennis/badminton/squash) 1kg 70x30x8","landmark-dropoff","Landmark Drop Shop","Landmark","Shop","26.73"
"Jersey (St Helier)","JEY","Racket (tennis/badminton/squash) 1kg 70x30x8","landmark-collection","Landmark Collection","Landmark","Collection","27.40"
"Jersey (St Helier)","JEY","Racket (tennis/badminton/squash) 1kg 70x30x8","ups-dap-standard","UPS Standard®","UPS","Collection","27.61"
"Jersey (St Helier)","JEY","Racket (tennis/badminton/squash) 1kg 70x30x8","ups-access-point-dap-express","UPS Express Saver™ - drop off","UPS Access Point","Shop","41.02"
"Jersey (St Helier)","JEY","Racket (tennis/badminton/squash) 1kg 70x30x8","ups-dap-express-saver","UPS Express Saver®","UPS","Collection","43.17"
"Jersey (St Helier)","JEY","Bag / padel racket 2kg 80x35x15","parcelforce-channel-islands","Parcelforce Worldwide - Channel Islands","Parcelforce","Collection","20.74"
"Jersey (St Helier)","JEY","Bag / padel racket 2kg 80x35x15","ups-access-point-dap-euro","UPS Standard™ – drop off","UPS Access Point","Shop","34.39"
"Jersey (St Helier)","JEY","Bag / padel racket 2kg 80x35x15","landmark-dropoff","Landmark Drop Shop","Landmark","Shop","36.31"
"Jersey (St Helier)","JEY","Bag / padel racket 2kg 80x35x15","ups-dap-standard","UPS Standard®","UPS","Collection","36.54"
"Jersey (St Helier)","JEY","Bag / padel racket 2kg 80x35x15","landmark-collection","Landmark Collection","Landmark","Collection","37.08"
"Jersey (St Helier)","JEY","Bag / padel racket 2kg 80x35x15","ups-access-point-dap-express","UPS Express Saver™ - drop off","UPS Access Point","Shop","54.10"
"Jersey (St Helier)","JEY","Bag / padel racket 2kg 80x35x15","ups-dap-express-saver","UPS Express Saver®","UPS","Collection","56.25"
"Guernsey (St Peter Port)","GGY","Large letter 1kg 35x25x2","parcelforce-channel-islands","Parcelforce Worldwide - Channel Islands","Parcelforce","Collection","11.80"
"Guernsey (St Peter Port)","GGY","Large letter 1kg 35x25x2","landmark-dropoff","Landmark Drop Shop","Landmark","Shop","19.82"
"Guernsey (St Peter Port)","GGY","Large letter 1kg 35x25x2","landmark-collection","Landmark Collection","Landmark","Collection","20.60"
"Guernsey (St Peter Port)","GGY","Large letter 1kg 35x25x2","ups-access-point-dap-euro","UPS Standard™ – drop off","UPS Access Point","Shop","24.20"
"Guernsey (St Peter Port)","GGY","Large letter 1kg 35x25x2","ups-dap-standard","UPS Standard®","UPS","Collection","26.35"
"Guernsey (St Peter Port)","GGY","Large letter 1kg 35x25x2","ups-access-point-dap-express","UPS Express Saver™ - drop off","UPS Access Point","Shop","36.42"
"Guernsey (St Peter Port)","GGY","Large letter 1kg 35x25x2","ups-dap-express-saver","UPS Express Saver®","UPS","Collection","38.57"
"Guernsey (St Peter Port)","GGY","Small parcel 2kg 45x35x16","parcelforce-channel-islands","Parcelforce Worldwide - Channel Islands","Parcelforce","Collection","19.08"
"Guernsey (St Peter Port)","GGY","Small parcel 2kg 45x35x16","landmark-dropoff","Landmark Drop Shop","Landmark","Shop","32.30"
"Guernsey (St Peter Port)","GGY","Small parcel 2kg 45x35x16","landmark-collection","Landmark Collection","Landmark","Collection","33.07"
"Guernsey (St Peter Port)","GGY","Small parcel 2kg 45x35x16","ups-access-point-dap-euro","UPS Standard™ – drop off","UPS Access Point","Shop","34.39"
"Guernsey (St Peter Port)","GGY","Small parcel 2kg 45x35x16","ups-dap-standard","UPS Standard®","UPS","Collection","36.54"
"Guernsey (St Peter Port)","GGY","Small parcel 2kg 45x35x16","ups-access-point-dap-express","UPS Express Saver™ - drop off","UPS Access Point","Shop","51.61"
"Guernsey (St Peter Port)","GGY","Small parcel 2kg 45x35x16","ups-dap-express-saver","UPS Express Saver®","UPS","Collection","53.76"
"Guernsey (St Peter Port)","GGY","Racket (tennis/badminton/squash) 1kg 70x30x8","parcelforce-channel-islands","Parcelforce Worldwide - Channel Islands","Parcelforce","Collection","16.51"
"Guernsey (St Peter Port)","GGY","Racket (tennis/badminton/squash) 1kg 70x30x8","ups-access-point-dap-euro","UPS Standard™ – drop off","UPS Access Point","Shop","25.46"
"Guernsey (St Peter Port)","GGY","Racket (tennis/badminton/squash) 1kg 70x30x8","landmark-dropoff","Landmark Drop Shop","Landmark","Shop","27.40"
"Guernsey (St Peter Port)","GGY","Racket (tennis/badminton/squash) 1kg 70x30x8","ups-dap-standard","UPS Standard®","UPS","Collection","27.61"
"Guernsey (St Peter Port)","GGY","Racket (tennis/badminton/squash) 1kg 70x30x8","landmark-collection","Landmark Collection","Landmark","Collection","28.18"
"Guernsey (St Peter Port)","GGY","Racket (tennis/badminton/squash) 1kg 70x30x8","ups-access-point-dap-express","UPS Express Saver™ - drop off","UPS Access Point","Shop","41.02"
"Guernsey (St Peter Port)","GGY","Racket (tennis/badminton/squash) 1kg 70x30x8","ups-dap-express-saver","UPS Express Saver®","UPS","Collection","43.17"
"Guernsey (St Peter Port)","GGY","Bag / padel racket 2kg 80x35x15","parcelforce-channel-islands","Parcelforce Worldwide - Channel Islands","Parcelforce","Collection","20.32"
"Guernsey (St Peter Port)","GGY","Bag / padel racket 2kg 80x35x15","ups-access-point-dap-euro","UPS Standard™ – drop off","UPS Access Point","Shop","34.39"
"Guernsey (St Peter Port)","GGY","Bag / padel racket 2kg 80x35x15","ups-dap-standard","UPS Standard®","UPS","Collection","36.54"
"Guernsey (St Peter Port)","GGY","Bag / padel racket 2kg 80x35x15","landmark-dropoff","Landmark Drop Shop","Landmark","Shop","38.98"
"Guernsey (St Peter Port)","GGY","Bag / padel racket 2kg 80x35x15","landmark-collection","Landmark Collection","Landmark","Collection","39.75"
"Guernsey (St Peter Port)","GGY","Bag / padel racket 2kg 80x35x15","ups-access-point-dap-express","UPS Express Saver™ - drop off","UPS Access Point","Shop","54.10"
"Guernsey (St Peter Port)","GGY","Bag / padel racket 2kg 80x35x15","ups-dap-express-saver","UPS Express Saver®","UPS","Collection","56.25"
"Ireland (Dublin)","IRL","Large letter 1kg 35x25x2","myhermes-international-parcelshop_902","Evri Ireland Standard Parcelshop","Evri Drop-off","Shop","8.39"
"Ireland (Dublin)","IRL","Large letter 1kg 35x25x2","hermes-international-economy_903","Evri Ireland Standard Collection","Evri Collection","Collection","8.89"
"Ireland (Dublin)","IRL","Large letter 1kg 35x25x2","myhermes-international-ireland-parcelshop-economy","Evri Ireland Priority Parcelshop","Evri Drop-off","Shop","8.89"
"Ireland (Dublin)","IRL","Large letter 1kg 35x25x2","royalmail-int","Royal Mail International Tracked","Royal Mail","Shop","9.95"
"Ireland (Dublin)","IRL","Large letter 1kg 35x25x2","royalmail-int-tracked-collection","Royal Mail International Tracked Collection","Royal Mail","Collection","10.25"
"Ireland (Dublin)","IRL","Large letter 1kg 35x25x2","dpd-ireland","DPD Ireland","DPD","Collection","10.70"
"Ireland (Dublin)","IRL","Large letter 1kg 35x25x2","royalmail-int-signed-mp-dropoff_2655","Royal Mail International Tracked Heavier","Royal Mail","Shop","12.25"
"Ireland (Dublin)","IRL","Large letter 1kg 35x25x2","ups-access-point-dap-euro","UPS Standard™ – drop off","UPS Access Point","Shop","12.44"
"Ireland (Dublin)","IRL","Large letter 1kg 35x25x2","royalmail-int-signed-collection_2611_2656","Royal Mail International Tracked Collection Heavier","Royal Mail","Collection","12.55"
"Ireland (Dublin)","IRL","Large letter 1kg 35x25x2","dpd-int-tracked-mail-dropoff_901_2644","DPD Lite Ireland","DPD","Shop","12.84"
"Ireland (Dublin)","IRL","Large letter 1kg 35x25x2","parcelforce-euro-priority-drop-shop","Parcelforce Worldwide - Euro Economy Drop Shop","Parcelforce","Shop","12.85"
"Ireland (Dublin)","IRL","Large letter 1kg 35x25x2","parcelforce-euro-priority","Parcelforce Worldwide - Euro Economy","Parcelforce","Collection","13.15"
"Ireland (Dublin)","IRL","Large letter 1kg 35x25x2","dpd-pickup-ireland","DPD Drop Off Ireland","DPD","Shop","13.86"
"Ireland (Dublin)","IRL","Large letter 1kg 35x25x2","fedex-world-express-dropoff_2633","FedEx International Connect Plus Drop Off","FedEx Express","Shop","14.06"
"Ireland (Dublin)","IRL","Large letter 1kg 35x25x2","ups-dap-standard","UPS Standard®","UPS","Collection","14.59"
"Ireland (Dublin)","IRL","Large letter 1kg 35x25x2","dpd-int-tracked-mail-dropoff_901","DPD Lite Ireland","DPD","Shop","14.82"
"Ireland (Dublin)","IRL","Large letter 1kg 35x25x2","fedex-world-express_2653","FedEx International Connect Plus","FedEx Express","Collection","15.49"
"Ireland (Dublin)","IRL","Large letter 1kg 35x25x2","ups-access-point-dap-express","UPS Express Saver™ - drop off","UPS Access Point","Shop","15.76"
"Ireland (Dublin)","IRL","Large letter 1kg 35x25x2","ups-dap-express-saver","UPS Express Saver®","UPS","Collection","17.91"
"Ireland (Dublin)","IRL","Large letter 1kg 35x25x2","fedex-regional-economy-dropoff_2308","FedEx Regional Economy®","FedEx Express","Collection","19.70"
"Ireland (Dublin)","IRL","Large letter 1kg 35x25x2","ups-dap-express","UPS Express®","UPS","Collection","30.62"
"Ireland (Dublin)","IRL","Large letter 1kg 35x25x2","fedex-world-express-dropoff","FedEx International Priority® DropOff","FedEx Express","Shop","31.83"
"Ireland (Dublin)","IRL","Large letter 1kg 35x25x2","fedex-world-express","FedEx International Priority®","FedEx Express","Collection","35.02"
"Ireland (Dublin)","IRL","Small parcel 2kg 45x35x16","myhermes-international-parcelshop_902","Evri Ireland Standard Parcelshop","Evri Drop-off","Shop","9.89"
"Ireland (Dublin)","IRL","Small parcel 2kg 45x35x16","hermes-international-economy_903","Evri Ireland Standard Collection","Evri Collection","Collection","10.39"
"Ireland (Dublin)","IRL","Small parcel 2kg 45x35x16","myhermes-international-ireland-parcelshop-economy","Evri Ireland Priority Parcelshop","Evri Drop-off","Shop","10.39"
"Ireland (Dublin)","IRL","Small parcel 2kg 45x35x16","dpd-ireland","DPD Ireland","DPD","Collection","10.70"
"Ireland (Dublin)","IRL","Small parcel 2kg 45x35x16","royalmail-int-signed-mp-dropoff_2655","Royal Mail International Tracked Heavier","Royal Mail","Shop","12.25"
"Ireland (Dublin)","IRL","Small parcel 2kg 45x35x16","royalmail-int-signed-collection_2611_2656","Royal Mail International Tracked Collection Heavier","Royal Mail","Collection","12.55"
"Ireland (Dublin)","IRL","Small parcel 2kg 45x35x16","dpd-pickup-ireland","DPD Drop Off Ireland","DPD","Shop","13.86"
"Ireland (Dublin)","IRL","Small parcel 2kg 45x35x16","ups-access-point-dap-euro","UPS Standard™ – drop off","UPS Access Point","Shop","18.06"
"Ireland (Dublin)","IRL","Small parcel 2kg 45x35x16","ups-dap-standard","UPS Standard®","UPS","Collection","20.21"
"Ireland (Dublin)","IRL","Small parcel 2kg 45x35x16","fedex-world-express-dropoff_2633","FedEx International Connect Plus Drop Off","FedEx Express","Shop","21.14"
"Ireland (Dublin)","IRL","Small parcel 2kg 45x35x16","fedex-world-express_2653","FedEx International Connect Plus","FedEx Express","Collection","22.77"
"Ireland (Dublin)","IRL","Small parcel 2kg 45x35x16","parcelforce-euro-priority-drop-shop","Parcelforce Worldwide - Euro Economy Drop Shop","Parcelforce","Shop","23.68"
"Ireland (Dublin)","IRL","Small parcel 2kg 45x35x16","parcelforce-euro-priority","Parcelforce Worldwide - Euro Economy","Parcelforce","Collection","23.98"
"Ireland (Dublin)","IRL","Small parcel 2kg 45x35x16","ups-access-point-dap-express","UPS Express Saver™ - drop off","UPS Access Point","Shop","25.91"
"Ireland (Dublin)","IRL","Small parcel 2kg 45x35x16","ups-dap-express-saver","UPS Express Saver®","UPS","Collection","28.06"
"Ireland (Dublin)","IRL","Small parcel 2kg 45x35x16","fedex-regional-economy-dropoff_2308","FedEx Regional Economy®","FedEx Express","Collection","29.25"
"Ireland (Dublin)","IRL","Small parcel 2kg 45x35x16","ups-dap-express","UPS Express®","UPS","Collection","42.03"
"Ireland (Dublin)","IRL","Small parcel 2kg 45x35x16","fedex-world-express-dropoff","FedEx International Priority® DropOff","FedEx Express","Shop","61.61"
"Ireland (Dublin)","IRL","Small parcel 2kg 45x35x16","fedex-world-express","FedEx International Priority®","FedEx Express","Collection","67.82"
"Ireland (Dublin)","IRL","Racket (tennis/badminton/squash) 1kg 70x30x8","myhermes-international-parcelshop_902","Evri Ireland Standard Parcelshop","Evri Drop-off","Shop","8.39"
"Ireland (Dublin)","IRL","Racket (tennis/badminton/squash) 1kg 70x30x8","hermes-international-economy_903","Evri Ireland Standard Collection","Evri Collection","Collection","8.89"
"Ireland (Dublin)","IRL","Racket (tennis/badminton/squash) 1kg 70x30x8","myhermes-international-ireland-parcelshop-economy","Evri Ireland Priority Parcelshop","Evri Drop-off","Shop","8.89"
"Ireland (Dublin)","IRL","Racket (tennis/badminton/squash) 1kg 70x30x8","dpd-ireland","DPD Ireland","DPD","Collection","10.70"
"Ireland (Dublin)","IRL","Racket (tennis/badminton/squash) 1kg 70x30x8","ups-access-point-dap-euro","UPS Standard™ – drop off","UPS Access Point","Shop","13.81"
"Ireland (Dublin)","IRL","Racket (tennis/badminton/squash) 1kg 70x30x8","ups-dap-standard","UPS Standard®","UPS","Collection","15.96"
"Ireland (Dublin)","IRL","Racket (tennis/badminton/squash) 1kg 70x30x8","fedex-world-express-dropoff_2633","FedEx International Connect Plus Drop Off","FedEx Express","Shop","18.69"
"Ireland (Dublin)","IRL","Racket (tennis/badminton/squash) 1kg 70x30x8","ups-access-point-dap-express","UPS Express Saver™ - drop off","UPS Access Point","Shop","19.02"
"Ireland (Dublin)","IRL","Racket (tennis/badminton/squash) 1kg 70x30x8","fedex-world-express_2653","FedEx International Connect Plus","FedEx Express","Collection","19.62"
"Ireland (Dublin)","IRL","Racket (tennis/badminton/squash) 1kg 70x30x8","parcelforce-euro-priority-drop-shop","Parcelforce Worldwide - Euro Economy Drop Shop","Parcelforce","Shop","20.22"
"Ireland (Dublin)","IRL","Racket (tennis/badminton/squash) 1kg 70x30x8","parcelforce-euro-priority","Parcelforce Worldwide - Euro Economy","Parcelforce","Collection","20.52"
"Ireland (Dublin)","IRL","Racket (tennis/badminton/squash) 1kg 70x30x8","ups-dap-express-saver","UPS Express Saver®","UPS","Collection","21.17"
"Ireland (Dublin)","IRL","Racket (tennis/badminton/squash) 1kg 70x30x8","fedex-regional-economy-dropoff_2308","FedEx Regional Economy®","FedEx Express","Collection","22.58"
"Ireland (Dublin)","IRL","Racket (tennis/badminton/squash) 1kg 70x30x8","ups-dap-express","UPS Express®","UPS","Collection","33.87"
"Ireland (Dublin)","IRL","Racket (tennis/badminton/squash) 1kg 70x30x8","fedex-world-express-dropoff","FedEx International Priority® DropOff","FedEx Express","Shop","48.67"
"Ireland (Dublin)","IRL","Racket (tennis/badminton/squash) 1kg 70x30x8","fedex-world-express","FedEx International Priority®","FedEx Express","Collection","53.49"
"Ireland (Dublin)","IRL","Bag / padel racket 2kg 80x35x15","myhermes-international-parcelshop_902","Evri Ireland Standard Parcelshop","Evri Drop-off","Shop","9.89"
"Ireland (Dublin)","IRL","Bag / padel racket 2kg 80x35x15","hermes-international-economy_903","Evri Ireland Standard Collection","Evri Collection","Collection","10.39"
"Ireland (Dublin)","IRL","Bag / padel racket 2kg 80x35x15","myhermes-international-ireland-parcelshop-economy","Evri Ireland Priority Parcelshop","Evri Drop-off","Shop","10.39"
"Ireland (Dublin)","IRL","Bag / padel racket 2kg 80x35x15","dpd-ireland","DPD Ireland","DPD","Collection","10.70"
"Ireland (Dublin)","IRL","Bag / padel racket 2kg 80x35x15","ups-access-point-dap-euro","UPS Standard™ – drop off","UPS Access Point","Shop","18.06"
"Ireland (Dublin)","IRL","Bag / padel racket 2kg 80x35x15","ups-dap-standard","UPS Standard®","UPS","Collection","20.21"
"Ireland (Dublin)","IRL","Bag / padel racket 2kg 80x35x15","fedex-world-express-dropoff_2633","FedEx International Connect Plus Drop Off","FedEx Express","Shop","24.83"
"Ireland (Dublin)","IRL","Bag / padel racket 2kg 80x35x15","parcelforce-euro-priority-drop-shop","Parcelforce Worldwide - Euro Economy Drop Shop","Parcelforce","Shop","26.63"
"Ireland (Dublin)","IRL","Bag / padel racket 2kg 80x35x15","ups-access-point-dap-express","UPS Express Saver™ - drop off","UPS Access Point","Shop","26.73"
"Ireland (Dublin)","IRL","Bag / padel racket 2kg 80x35x15","parcelforce-euro-priority","Parcelforce Worldwide - Euro Economy","Parcelforce","Collection","26.93"
"Ireland (Dublin)","IRL","Bag / padel racket 2kg 80x35x15","fedex-world-express_2653","FedEx International Connect Plus","FedEx Express","Collection","28.19"
"Ireland (Dublin)","IRL","Bag / padel racket 2kg 80x35x15","ups-dap-express-saver","UPS Express Saver®","UPS","Collection","28.88"
"Ireland (Dublin)","IRL","Bag / padel racket 2kg 80x35x15","fedex-regional-economy-dropoff_2308","FedEx Regional Economy®","FedEx Express","Collection","34.81"
"Ireland (Dublin)","IRL","Bag / padel racket 2kg 80x35x15","ups-dap-express","UPS Express®","UPS","Collection","42.85"
"Ireland (Dublin)","IRL","Bag / padel racket 2kg 80x35x15","fedex-world-express-dropoff","FedEx International Priority® DropOff","FedEx Express","Shop","84.27"
"Ireland (Dublin)","IRL","Bag / padel racket 2kg 80x35x15","fedex-world-express","FedEx International Priority®","FedEx Express","Collection","92.75"
"France (Paris)","FRA","Large letter 1kg 35x25x2","myhermes-international-parcelshop","Evri Europe Standard Parcelshop","Evri Drop-off","Shop","9.59"
"France (Paris)","FRA","Large letter 1kg 35x25x2","dpd-classic","DPD Drop Off Europe","DPD","Shop","9.98"
"France (Paris)","FRA","Large letter 1kg 35x25x2","hermes-international-economy","Evri Europe Standard Collection","Evri Collection","Collection","10.09"
"France (Paris)","FRA","Large letter 1kg 35x25x2","myhermes-international-europe-parcelshop-economy","Evri Europe Priority Parcelshop","Evri Drop-off","Shop","10.09"
"France (Paris)","FRA","Large letter 1kg 35x25x2","royalmail-int","Royal Mail International Tracked","Royal Mail","Shop","12.30"
"France (Paris)","FRA","Large letter 1kg 35x25x2","ups-access-point-dap-euro","UPS Standard™ – drop off","UPS Access Point","Shop","12.44"
"France (Paris)","FRA","Large letter 1kg 35x25x2","royalmail-int-tracked-collection","Royal Mail International Tracked Collection","Royal Mail","Collection","12.60"
"France (Paris)","FRA","Large letter 1kg 35x25x2","royalmail-int-signed-mp-dropoff_2655","Royal Mail International Tracked Heavier","Royal Mail","Shop","12.90"
"France (Paris)","FRA","Large letter 1kg 35x25x2","royalmail-int-signed-collection_2611_2656","Royal Mail International Tracked Collection Heavier","Royal Mail","Collection","13.20"
"France (Paris)","FRA","Large letter 1kg 35x25x2","fedex-world-express-dropoff_2633","FedEx International Connect Plus Drop Off","FedEx Express","Shop","14.45"
"France (Paris)","FRA","Large letter 1kg 35x25x2","ups-dap-standard","UPS Standard®","UPS","Collection","14.59"
"France (Paris)","FRA","Large letter 1kg 35x25x2","dpd-classic-european","DPD Classic European","DPD","Collection","14.88"
"France (Paris)","FRA","Large letter 1kg 35x25x2","ups-access-point-dap-express","UPS Express Saver™ - drop off","UPS Access Point","Shop","15.76"
"France (Paris)","FRA","Large letter 1kg 35x25x2","fedex-world-express_2653","FedEx International Connect Plus","FedEx Express","Collection","15.94"
"France (Paris)","FRA","Large letter 1kg 35x25x2","parcelforce-euro-priority-drop-shop","Parcelforce Worldwide - Euro Economy Drop Shop","Parcelforce","Shop","16.91"
"France (Paris)","FRA","Large letter 1kg 35x25x2","parcelforce-euro-priority","Parcelforce Worldwide - Euro Economy","Parcelforce","Collection","17.21"
"France (Paris)","FRA","Large letter 1kg 35x25x2","ups-dap-express-saver","UPS Express Saver®","UPS","Collection","17.91"
"France (Paris)","FRA","Large letter 1kg 35x25x2","fedex-regional-economy-dropoff_2308","FedEx Regional Economy®","FedEx Express","Collection","18.76"
"France (Paris)","FRA","Large letter 1kg 35x25x2","dpd-pickup-air-express","DPD Drop Off Express","DPD","Shop","26.40"
"France (Paris)","FRA","Large letter 1kg 35x25x2","dpd-air-express","DPD Air Express","DPD","Collection","30.24"
"France (Paris)","FRA","Large letter 1kg 35x25x2","ups-dap-express","UPS Express®","UPS","Collection","30.62"
"France (Paris)","FRA","Large letter 1kg 35x25x2","dpd-air-classic","DPD Air Classic","DPD","Collection","31.02"
"France (Paris)","FRA","Large letter 1kg 35x25x2","dpd-pickup-air-classic","DPD Drop Off International","DPD","Shop","31.69"
"France (Paris)","FRA","Large letter 1kg 35x25x2","fedex-world-express-dropoff","FedEx International Priority® DropOff","FedEx Express","Shop","31.83"
"France (Paris)","FRA","Large letter 1kg 35x25x2","fedex-world-express","FedEx International Priority®","FedEx Express","Collection","35.02"
"France (Paris)","FRA","Small parcel 2kg 45x35x16","dpd-classic","DPD Drop Off Europe","DPD","Shop","9.98"
"France (Paris)","FRA","Small parcel 2kg 45x35x16","myhermes-international-parcelshop","Evri Europe Standard Parcelshop","Evri Drop-off","Shop","10.09"
"France (Paris)","FRA","Small parcel 2kg 45x35x16","hermes-international-economy","Evri Europe Standard Collection","Evri Collection","Collection","10.59"
"France (Paris)","FRA","Small parcel 2kg 45x35x16","myhermes-international-europe-parcelshop-economy","Evri Europe Priority Parcelshop","Evri Drop-off","Shop","10.59"
"France (Paris)","FRA","Small parcel 2kg 45x35x16","royalmail-int-signed-mp-dropoff_2655","Royal Mail International Tracked Heavier","Royal Mail","Shop","12.90"
"France (Paris)","FRA","Small parcel 2kg 45x35x16","royalmail-int-signed-collection_2611_2656","Royal Mail International Tracked Collection Heavier","Royal Mail","Collection","13.20"
"France (Paris)","FRA","Small parcel 2kg 45x35x16","dpd-classic-european","DPD Classic European","DPD","Collection","14.88"
"France (Paris)","FRA","Small parcel 2kg 45x35x16","ups-access-point-dap-euro","UPS Standard™ – drop off","UPS Access Point","Shop","18.06"
"France (Paris)","FRA","Small parcel 2kg 45x35x16","parcelforce-euro-priority-drop-shop","Parcelforce Worldwide - Euro Economy Drop Shop","Parcelforce","Shop","19.29"
"France (Paris)","FRA","Small parcel 2kg 45x35x16","parcelforce-euro-priority","Parcelforce Worldwide - Euro Economy","Parcelforce","Collection","19.59"
"France (Paris)","FRA","Small parcel 2kg 45x35x16","ups-dap-standard","UPS Standard®","UPS","Collection","20.21"
"France (Paris)","FRA","Small parcel 2kg 45x35x16","fedex-world-express_2653","FedEx International Connect Plus","FedEx Express","Collection","24.34"
"France (Paris)","FRA","Small parcel 2kg 45x35x16","fedex-world-express-dropoff_2633","FedEx International Connect Plus Drop Off","FedEx Express","Shop","24.75"
"France (Paris)","FRA","Small parcel 2kg 45x35x16","ups-access-point-dap-express","UPS Express Saver™ - drop off","UPS Access Point","Shop","25.91"
"France (Paris)","FRA","Small parcel 2kg 45x35x16","fedex-regional-economy-dropoff_2308","FedEx Regional Economy®","FedEx Express","Collection","28.06"
"France (Paris)","FRA","Small parcel 2kg 45x35x16","ups-dap-express-saver","UPS Express Saver®","UPS","Collection","28.06"
"France (Paris)","FRA","Small parcel 2kg 45x35x16","dpd-pickup-air-classic","DPD Drop Off International","DPD","Shop","34.39"
"France (Paris)","FRA","Small parcel 2kg 45x35x16","ups-dap-express","UPS Express®","UPS","Collection","42.03"
"France (Paris)","FRA","Small parcel 2kg 45x35x16","dpd-pickup-air-express","DPD Drop Off Express","DPD","Shop","47.55"
"France (Paris)","FRA","Small parcel 2kg 45x35x16","dpd-air-express","DPD Air Express","DPD","Collection","51.37"
"France (Paris)","FRA","Small parcel 2kg 45x35x16","dpd-air-classic","DPD Air Classic","DPD","Collection","53.08"
"France (Paris)","FRA","Small parcel 2kg 45x35x16","fedex-world-express-dropoff","FedEx International Priority® DropOff","FedEx Express","Shop","61.61"
"France (Paris)","FRA","Small parcel 2kg 45x35x16","fedex-world-express","FedEx International Priority®","FedEx Express","Collection","67.82"
"France (Paris)","FRA","Racket (tennis/badminton/squash) 1kg 70x30x8","myhermes-international-parcelshop","Evri Europe Standard Parcelshop","Evri Drop-off","Shop","9.59"
"France (Paris)","FRA","Racket (tennis/badminton/squash) 1kg 70x30x8","hermes-international-economy","Evri Europe Standard Collection","Evri Collection","Collection","10.09"
"France (Paris)","FRA","Racket (tennis/badminton/squash) 1kg 70x30x8","myhermes-international-europe-parcelshop-economy","Evri Europe Priority Parcelshop","Evri Drop-off","Shop","10.09"
"France (Paris)","FRA","Racket (tennis/badminton/squash) 1kg 70x30x8","ups-access-point-dap-euro","UPS Standard™ – drop off","UPS Access Point","Shop","13.81"
"France (Paris)","FRA","Racket (tennis/badminton/squash) 1kg 70x30x8","dpd-classic-european","DPD Classic European","DPD","Collection","14.88"
"France (Paris)","FRA","Racket (tennis/badminton/squash) 1kg 70x30x8","ups-dap-standard","UPS Standard®","UPS","Collection","15.96"
"France (Paris)","FRA","Racket (tennis/badminton/squash) 1kg 70x30x8","ups-access-point-dap-express","UPS Express Saver™ - drop off","UPS Access Point","Shop","19.02"
"France (Paris)","FRA","Racket (tennis/badminton/squash) 1kg 70x30x8","parcelforce-euro-priority-drop-shop","Parcelforce Worldwide - Euro Economy Drop Shop","Parcelforce","Shop","19.29"
"France (Paris)","FRA","Racket (tennis/badminton/squash) 1kg 70x30x8","parcelforce-euro-priority","Parcelforce Worldwide - Euro Economy","Parcelforce","Collection","19.59"
"France (Paris)","FRA","Racket (tennis/badminton/squash) 1kg 70x30x8","fedex-world-express_2653","FedEx International Connect Plus","FedEx Express","Collection","19.62"
"France (Paris)","FRA","Racket (tennis/badminton/squash) 1kg 70x30x8","fedex-world-express-dropoff_2633","FedEx International Connect Plus Drop Off","FedEx Express","Shop","19.95"
"France (Paris)","FRA","Racket (tennis/badminton/squash) 1kg 70x30x8","ups-dap-express-saver","UPS Express Saver®","UPS","Collection","21.17"
"France (Paris)","FRA","Racket (tennis/badminton/squash) 1kg 70x30x8","fedex-regional-economy-dropoff_2308","FedEx Regional Economy®","FedEx Express","Collection","22.06"
"France (Paris)","FRA","Racket (tennis/badminton/squash) 1kg 70x30x8","ups-dap-express","UPS Express®","UPS","Collection","33.87"
"France (Paris)","FRA","Racket (tennis/badminton/squash) 1kg 70x30x8","dpd-air-express","DPD Air Express","DPD","Collection","42.93"
"France (Paris)","FRA","Racket (tennis/badminton/squash) 1kg 70x30x8","dpd-air-classic","DPD Air Classic","DPD","Collection","44.21"
"France (Paris)","FRA","Racket (tennis/badminton/squash) 1kg 70x30x8","fedex-world-express-dropoff","FedEx International Priority® DropOff","FedEx Express","Shop","48.67"
"France (Paris)","FRA","Racket (tennis/badminton/squash) 1kg 70x30x8","fedex-world-express","FedEx International Priority®","FedEx Express","Collection","53.49"
"France (Paris)","FRA","Bag / padel racket 2kg 80x35x15","myhermes-international-parcelshop","Evri Europe Standard Parcelshop","Evri Drop-off","Shop","10.09"
"France (Paris)","FRA","Bag / padel racket 2kg 80x35x15","hermes-international-economy","Evri Europe Standard Collection","Evri Collection","Collection","10.59"
"France (Paris)","FRA","Bag / padel racket 2kg 80x35x15","myhermes-international-europe-parcelshop-economy","Evri Europe Priority Parcelshop","Evri Drop-off","Shop","10.59"
"France (Paris)","FRA","Bag / padel racket 2kg 80x35x15","dpd-classic-european","DPD Classic European","DPD","Collection","14.88"
"France (Paris)","FRA","Bag / padel racket 2kg 80x35x15","ups-access-point-dap-euro","UPS Standard™ – drop off","UPS Access Point","Shop","18.06"
"France (Paris)","FRA","Bag / padel racket 2kg 80x35x15","parcelforce-euro-priority-drop-shop","Parcelforce Worldwide - Euro Economy Drop Shop","Parcelforce","Shop","19.29"
"France (Paris)","FRA","Bag / padel racket 2kg 80x35x15","parcelforce-euro-priority","Parcelforce Worldwide - Euro Economy","Parcelforce","Collection","19.59"
"France (Paris)","FRA","Bag / padel racket 2kg 80x35x15","ups-dap-standard","UPS Standard®","UPS","Collection","20.21"
"France (Paris)","FRA","Bag / padel racket 2kg 80x35x15","ups-access-point-dap-express","UPS Express Saver™ - drop off","UPS Access Point","Shop","26.73"
"France (Paris)","FRA","Bag / padel racket 2kg 80x35x15","ups-dap-express-saver","UPS Express Saver®","UPS","Collection","28.88"
"France (Paris)","FRA","Bag / padel racket 2kg 80x35x15","fedex-world-express_2653","FedEx International Connect Plus","FedEx Express","Collection","30.13"
"France (Paris)","FRA","Bag / padel racket 2kg 80x35x15","fedex-world-express-dropoff_2633","FedEx International Connect Plus Drop Off","FedEx Express","Shop","30.58"
"France (Paris)","FRA","Bag / padel racket 2kg 80x35x15","fedex-regional-economy-dropoff_2308","FedEx Regional Economy®","FedEx Express","Collection","39.60"
"France (Paris)","FRA","Bag / padel racket 2kg 80x35x15","ups-dap-express","UPS Express®","UPS","Collection","42.85"
"France (Paris)","FRA","Bag / padel racket 2kg 80x35x15","dpd-air-express","DPD Air Express","DPD","Collection","64.07"
"France (Paris)","FRA","Bag / padel racket 2kg 80x35x15","dpd-air-classic","DPD Air Classic","DPD","Collection","66.27"
"France (Paris)","FRA","Bag / padel racket 2kg 80x35x15","fedex-world-express-dropoff","FedEx International Priority® DropOff","FedEx Express","Shop","84.27"
"France (Paris)","FRA","Bag / padel racket 2kg 80x35x15","fedex-world-express","FedEx International Priority®","FedEx Express","Collection","92.75"
"Germany (Berlin)","DEU","Large letter 1kg 35x25x2","myhermes-international-parcelshop","Evri Europe Standard Parcelshop","Evri Drop-off","Shop","8.79"
"Germany (Berlin)","DEU","Large letter 1kg 35x25x2","dpd-classic","DPD Drop Off Europe","DPD","Shop","9.37"
"Germany (Berlin)","DEU","Large letter 1kg 35x25x2","hermes-international-economy","Evri Europe Standard Collection","Evri Collection","Collection","9.39"
"Germany (Berlin)","DEU","Large letter 1kg 35x25x2","dpd-int-tracked-mail-dropoff","DPD Lite","DPD","Shop","10.69"
"Germany (Berlin)","DEU","Large letter 1kg 35x25x2","ups-access-point-dap-euro","UPS Standard™ – drop off","UPS Access Point","Shop","12.44"
"Germany (Berlin)","DEU","Large letter 1kg 35x25x2","dpd-classic-european","DPD Classic European","DPD","Collection","14.16"
"Germany (Berlin)","DEU","Large letter 1kg 35x25x2","fedex-world-express-dropoff_2633","FedEx International Connect Plus Drop Off","FedEx Express","Shop","14.45"
"Germany (Berlin)","DEU","Large letter 1kg 35x25x2","ups-dap-standard","UPS Standard®","UPS","Collection","14.59"
"Germany (Berlin)","DEU","Large letter 1kg 35x25x2","ups-access-point-dap-express","UPS Express Saver™ - drop off","UPS Access Point","Shop","15.76"
"Germany (Berlin)","DEU","Large letter 1kg 35x25x2","fedex-world-express_2653","FedEx International Connect Plus","FedEx Express","Collection","15.94"
"Germany (Berlin)","DEU","Large letter 1kg 35x25x2","ups-dap-express-saver","UPS Express Saver®","UPS","Collection","17.91"
"Germany (Berlin)","DEU","Large letter 1kg 35x25x2","fedex-regional-economy-dropoff_2308","FedEx Regional Economy®","FedEx Express","Collection","18.76"
"Germany (Berlin)","DEU","Large letter 1kg 35x25x2","dpd-air-classic","DPD Air Classic","DPD","Collection","26.91"
"Germany (Berlin)","DEU","Large letter 1kg 35x25x2","dpd-pickup-air-express","DPD Drop Off Express","DPD","Shop","27.76"
"Germany (Berlin)","DEU","Large letter 1kg 35x25x2","ups-dap-express","UPS Express®","UPS","Collection","30.62"
"Germany (Berlin)","DEU","Large letter 1kg 35x25x2","dpd-air-express","DPD Air Express","DPD","Collection","31.58"
"Germany (Berlin)","DEU","Large letter 1kg 35x25x2","dpd-pickup-air-classic","DPD Drop Off International","DPD","Shop","31.69"
"Germany (Berlin)","DEU","Large letter 1kg 35x25x2","fedex-world-express-dropoff","FedEx International Priority® DropOff","FedEx Express","Shop","31.83"
"Germany (Berlin)","DEU","Large letter 1kg 35x25x2","fedex-world-express","FedEx International Priority®","FedEx Express","Collection","35.02"
"Germany (Berlin)","DEU","Small parcel 2kg 45x35x16","myhermes-international-parcelshop","Evri Europe Standard Parcelshop","Evri Drop-off","Shop","8.89"
"Germany (Berlin)","DEU","Small parcel 2kg 45x35x16","dpd-classic","DPD Drop Off Europe","DPD","Shop","9.37"
"Germany (Berlin)","DEU","Small parcel 2kg 45x35x16","hermes-international-economy","Evri Europe Standard Collection","Evri Collection","Collection","9.49"
"Germany (Berlin)","DEU","Small parcel 2kg 45x35x16","dpd-classic-european","DPD Classic European","DPD","Collection","14.16"
"Germany (Berlin)","DEU","Small parcel 2kg 45x35x16","ups-access-point-dap-euro","UPS Standard™ – drop off","UPS Access Point","Shop","18.06"
"Germany (Berlin)","DEU","Small parcel 2kg 45x35x16","ups-dap-standard","UPS Standard®","UPS","Collection","20.21"
"Germany (Berlin)","DEU","Small parcel 2kg 45x35x16","fedex-world-express_2653","FedEx International Connect Plus","FedEx Express","Collection","24.34"
"Germany (Berlin)","DEU","Small parcel 2kg 45x35x16","fedex-world-express-dropoff_2633","FedEx International Connect Plus Drop Off","FedEx Express","Shop","24.75"
"Germany (Berlin)","DEU","Small parcel 2kg 45x35x16","ups-access-point-dap-express","UPS Express Saver™ - drop off","UPS Access Point","Shop","25.91"
"Germany (Berlin)","DEU","Small parcel 2kg 45x35x16","ups-dap-express-saver","UPS Express Saver®","UPS","Collection","28.06"
"Germany (Berlin)","DEU","Small parcel 2kg 45x35x16","fedex-regional-economy-dropoff_2308","FedEx Regional Economy®","FedEx Express","Collection","28.94"
"Germany (Berlin)","DEU","Small parcel 2kg 45x35x16","dpd-pickup-air-classic","DPD Drop Off International","DPD","Shop","34.39"
"Germany (Berlin)","DEU","Small parcel 2kg 45x35x16","ups-dap-express","UPS Express®","UPS","Collection","42.03"
"Germany (Berlin)","DEU","Small parcel 2kg 45x35x16","dpd-air-classic","DPD Air Classic","DPD","Collection","49.07"
"Germany (Berlin)","DEU","Small parcel 2kg 45x35x16","dpd-pickup-air-express","DPD Drop Off Express","DPD","Shop","51.03"
"Germany (Berlin)","DEU","Small parcel 2kg 45x35x16","dpd-air-express","DPD Air Express","DPD","Collection","54.97"
"Germany (Berlin)","DEU","Small parcel 2kg 45x35x16","fedex-world-express-dropoff","FedEx International Priority® DropOff","FedEx Express","Shop","61.61"
"Germany (Berlin)","DEU","Small parcel 2kg 45x35x16","fedex-world-express","FedEx International Priority®","FedEx Express","Collection","67.82"
"Germany (Berlin)","DEU","Racket (tennis/badminton/squash) 1kg 70x30x8","myhermes-international-parcelshop","Evri Europe Standard Parcelshop","Evri Drop-off","Shop","8.79"
"Germany (Berlin)","DEU","Racket (tennis/badminton/squash) 1kg 70x30x8","hermes-international-economy","Evri Europe Standard Collection","Evri Collection","Collection","9.39"
"Germany (Berlin)","DEU","Racket (tennis/badminton/squash) 1kg 70x30x8","ups-access-point-dap-euro","UPS Standard™ – drop off","UPS Access Point","Shop","13.81"
"Germany (Berlin)","DEU","Racket (tennis/badminton/squash) 1kg 70x30x8","dpd-classic-european","DPD Classic European","DPD","Collection","14.16"
"Germany (Berlin)","DEU","Racket (tennis/badminton/squash) 1kg 70x30x8","ups-dap-standard","UPS Standard®","UPS","Collection","15.96"
"Germany (Berlin)","DEU","Racket (tennis/badminton/squash) 1kg 70x30x8","ups-access-point-dap-express","UPS Express Saver™ - drop off","UPS Access Point","Shop","19.02"
"Germany (Berlin)","DEU","Racket (tennis/badminton/squash) 1kg 70x30x8","fedex-world-express_2653","FedEx International Connect Plus","FedEx Express","Collection","19.62"
"Germany (Berlin)","DEU","Racket (tennis/badminton/squash) 1kg 70x30x8","fedex-world-express-dropoff_2633","FedEx International Connect Plus Drop Off","FedEx Express","Shop","19.95"
"Germany (Berlin)","DEU","Racket (tennis/badminton/squash) 1kg 70x30x8","ups-dap-express-saver","UPS Express Saver®","UPS","Collection","21.17"
"Germany (Berlin)","DEU","Racket (tennis/badminton/squash) 1kg 70x30x8","fedex-regional-economy-dropoff_2308","FedEx Regional Economy®","FedEx Express","Collection","22.06"
"Germany (Berlin)","DEU","Racket (tennis/badminton/squash) 1kg 70x30x8","ups-dap-express","UPS Express®","UPS","Collection","33.87"
"Germany (Berlin)","DEU","Racket (tennis/badminton/squash) 1kg 70x30x8","dpd-air-classic","DPD Air Classic","DPD","Collection","40.21"
"Germany (Berlin)","DEU","Racket (tennis/badminton/squash) 1kg 70x30x8","dpd-air-express","DPD Air Express","DPD","Collection","45.64"
"Germany (Berlin)","DEU","Racket (tennis/badminton/squash) 1kg 70x30x8","fedex-world-express-dropoff","FedEx International Priority® DropOff","FedEx Express","Shop","48.67"
"Germany (Berlin)","DEU","Racket (tennis/badminton/squash) 1kg 70x30x8","fedex-world-express","FedEx International Priority®","FedEx Express","Collection","53.49"
"Germany (Berlin)","DEU","Bag / padel racket 2kg 80x35x15","myhermes-international-parcelshop","Evri Europe Standard Parcelshop","Evri Drop-off","Shop","8.89"
"Germany (Berlin)","DEU","Bag / padel racket 2kg 80x35x15","hermes-international-economy","Evri Europe Standard Collection","Evri Collection","Collection","9.49"
"Germany (Berlin)","DEU","Bag / padel racket 2kg 80x35x15","dpd-classic-european","DPD Classic European","DPD","Collection","14.16"
"Germany (Berlin)","DEU","Bag / padel racket 2kg 80x35x15","ups-access-point-dap-euro","UPS Standard™ – drop off","UPS Access Point","Shop","18.06"
"Germany (Berlin)","DEU","Bag / padel racket 2kg 80x35x15","ups-dap-standard","UPS Standard®","UPS","Collection","20.21"
"Germany (Berlin)","DEU","Bag / padel racket 2kg 80x35x15","ups-access-point-dap-express","UPS Express Saver™ - drop off","UPS Access Point","Shop","26.73"
"Germany (Berlin)","DEU","Bag / padel racket 2kg 80x35x15","ups-dap-express-saver","UPS Express Saver®","UPS","Collection","28.88"
"Germany (Berlin)","DEU","Bag / padel racket 2kg 80x35x15","fedex-world-express_2653","FedEx International Connect Plus","FedEx Express","Collection","30.13"
"Germany (Berlin)","DEU","Bag / padel racket 2kg 80x35x15","fedex-world-express-dropoff_2633","FedEx International Connect Plus Drop Off","FedEx Express","Shop","30.58"
"Germany (Berlin)","DEU","Bag / padel racket 2kg 80x35x15","fedex-regional-economy-dropoff_2308","FedEx Regional Economy®","FedEx Express","Collection","39.60"
"Germany (Berlin)","DEU","Bag / padel racket 2kg 80x35x15","ups-dap-express","UPS Express®","UPS","Collection","42.85"
"Germany (Berlin)","DEU","Bag / padel racket 2kg 80x35x15","dpd-air-classic","DPD Air Classic","DPD","Collection","62.38"
"Germany (Berlin)","DEU","Bag / padel racket 2kg 80x35x15","dpd-air-express","DPD Air Express","DPD","Collection","68.90"
"Germany (Berlin)","DEU","Bag / padel racket 2kg 80x35x15","fedex-world-express-dropoff","FedEx International Priority® DropOff","FedEx Express","Shop","84.27"
"Germany (Berlin)","DEU","Bag / padel racket 2kg 80x35x15","fedex-world-express","FedEx International Priority®","FedEx Express","Collection","92.75"