direction,country_code,country,sample_city,sample_postcode,address_source,size,cheapest_dropoff_gbp,dropoff_service,dropoff_courier,dropoff_slug,cheapest_collection_gbp,collection_service,collection_courier,collection_slug,cheapest_overall_gbp,cheapest_overall_service,note
"outbound","ES","Spain","Madrid","28001","built-in","Large letter 1kg 35x25x2","12.55","Royal Mail International Tracked","Royal Mail","royalmail-int","12.85","Royal Mail International Tracked Collection","Royal Mail","royalmail-int-tracked-collection","12.55","Royal Mail International Tracked",""
"outbound","ES","Spain","Madrid","28001","built-in","Small parcel 2kg 45x35x16","18.25","Royal Mail International Tracked Heavier","Royal Mail","royalmail-int-signed-mp-dropoff_2655","18.55","Royal Mail International Tracked Collection Heavier","Royal Mail","royalmail-int-signed-collection_2611_2656","18.25","Royal Mail International Tracked Heavier",""
"outbound","ES","Spain","Madrid","28001","built-in","Racket (tennis/badminton/squash) 1kg 70x30x8","16.49","UPS Standard™ – drop off","UPS Access Point","ups-access-point-dap-euro","18.64","UPS Standard®","UPS","ups-dap-standard","16.49","UPS Standard™ – drop off",""
"outbound","ES","Spain","Madrid","28001","built-in","Bag / padel racket 2kg 80x35x15","19.06","UPS Standard™ – drop off","UPS Access Point","ups-access-point-dap-euro","21.21","UPS Standard®","UPS","ups-dap-standard","19.06","UPS Standard™ – drop off",""
"return","ES","Spain","Madrid","28001","built-in","Large letter 1kg 35x25x2","","","","","74.62","FedEx International Priority","My Flying Box","mfb-fx-prio","74.62","FedEx International Priority","no drop-off service"
"return","ES","Spain","Madrid","28001","built-in","Small parcel 2kg 45x35x16","","","","","75.90","FedEx International Priority","My Flying Box","mfb-fx-prio","75.90","FedEx International Priority","no drop-off service"
"return","ES","Spain","Madrid","28001","built-in","Racket (tennis/badminton/squash) 1kg 70x30x8","","","","","75.03","FedEx International Priority","My Flying Box","mfb-fx-prio","75.03","FedEx International Priority","no drop-off service"
"return","ES","Spain","Madrid","28001","built-in","Bag / padel racket 2kg 80x35x15","","","","","85.00","FedEx International Priority","My Flying Box","mfb-fx-prio","85.00","FedEx International Priority","no drop-off service"
"outbound","IT","Italy","Rome","00184","built-in","Large letter 1kg 35x25x2","13.05","Royal Mail International Tracked","Royal Mail","royalmail-int","13.35","Royal Mail International Tracked Collection","Royal Mail","royalmail-int-tracked-collection","13.05","Royal Mail International Tracked",""
"outbound","IT","Italy","Rome","00184","built-in","Small parcel 2kg 45x35x16","16.01","DPD Drop Off Europe","DPD","dpd-classic","15.29","DPD Classic European","DPD","dpd-classic-european","15.29","DPD Classic European",""
"outbound","IT","Italy","Rome","00184","built-in","Racket (tennis/badminton/squash) 1kg 70x30x8","16.49","UPS Standard™ – drop off","UPS Access Point","ups-access-point-dap-euro","15.29","DPD Classic European","DPD","dpd-classic-european","15.29","DPD Classic European",""
"outbound","IT","Italy","Rome","00184","built-in","Bag / padel racket 2kg 80x35x15","19.06","UPS Standard™ – drop off","UPS Access Point","ups-access-point-dap-euro","15.29","DPD Classic European","DPD","dpd-classic-european","15.29","DPD Classic European",""
"return","IT","Italy","Rome","00184","built-in","Large letter 1kg 35x25x2","","","","","","","","","","","No services returned"
"return","IT","Italy","Rome","00184","built-in","Small parcel 2kg 45x35x16","","","","","","","","","","","No services returned"
"return","IT","Italy","Rome","00184","built-in","Racket (tennis/badminton/squash) 1kg 70x30x8","","","","","","","","","","","No services returned"
"return","IT","Italy","Rome","00184","built-in","Bag / padel racket 2kg 80x35x15","","","","","","","","","","","No services returned"
"outbound","NL","Netherlands","Amsterdam","1012 JS","built-in","Large letter 1kg 35x25x2","9.23","Parcelforce Worldwide - Euro Economy Drop Shop","Parcelforce","parcelforce-euro-priority-drop-shop","9.53","Parcelforce Worldwide - Euro Economy","Parcelforce","parcelforce-euro-priority","9.23","Parcelforce Worldwide - Euro Economy Drop Shop",""
"outbound","NL","Netherlands","Amsterdam","1012 JS","built-in","Small parcel 2kg 45x35x16","13.22","DPD Drop Off Europe","DPD","dpd-classic","11.82","DPD Classic European","DPD","dpd-classic-european","11.82","DPD Classic European",""
"outbound","NL","Netherlands","Amsterdam","1012 JS","built-in","Racket (tennis/badminton/squash) 1kg 70x30x8","13.81","UPS Standard™ – drop off","UPS Access Point","ups-access-point-dap-euro","11.82","DPD Classic European","DPD","dpd-classic-european","11.82","DPD Classic European",""
"outbound","NL","Netherlands","Amsterdam","1012 JS","built-in","Bag / padel racket 2kg 80x35x15","18.06","UPS Standard™ – drop off","UPS Access Point","ups-access-point-dap-euro","11.82","DPD Classic European","DPD","dpd-classic-european","11.82","DPD Classic European",""
"return","NL","Netherlands","Amsterdam","1012 JS","built-in","Large letter 1kg 35x25x2","","","","","115.07","FedEx International Economy","My Flying Box","mfb-fx-eco","115.07","FedEx International Economy","no drop-off service"
"return","NL","Netherlands","Amsterdam","1012 JS","built-in","Small parcel 2kg 45x35x16","","","","","183.68","FedEx International Economy","My Flying Box","mfb-fx-eco","183.68","FedEx International Economy","no drop-off service"
"return","NL","Netherlands","Amsterdam","1012 JS","built-in","Racket (tennis/badminton/squash) 1kg 70x30x8","","","","","158.68","FedEx International Economy","My Flying Box","mfb-fx-eco","158.68","FedEx International Economy","no drop-off service"
"return","NL","Netherlands","Amsterdam","1012 JS","built-in","Bag / padel racket 2kg 80x35x15","","","","","207.27","FedEx International Economy","My Flying Box","mfb-fx-eco","207.27","FedEx International Economy","no drop-off service"
"outbound","BE","Belgium","Brussels","1000","built-in","Large letter 1kg 35x25x2","11.50","Parcelforce Worldwide - Euro Economy Drop Shop","Parcelforce","parcelforce-euro-priority-drop-shop","11.80","Parcelforce Worldwide - Euro Economy","Parcelforce","parcelforce-euro-priority","11.50","Parcelforce Worldwide - Euro Economy Drop Shop",""
"outbound","BE","Belgium","Brussels","1000","built-in","Small parcel 2kg 45x35x16","17.55","Royal Mail International Tracked Heavier","Royal Mail","royalmail-int-signed-mp-dropoff_2655","17.85","Royal Mail International Tracked Collection Heavier","Royal Mail","royalmail-int-signed-collection_2611_2656","17.55","Royal Mail International Tracked Heavier",""
"outbound","BE","Belgium","Brussels","1000","built-in","Racket (tennis/badminton/squash) 1kg 70x30x8","13.81","UPS Standard™ – drop off","UPS Access Point","ups-access-point-dap-euro","15.96","UPS Standard®","UPS","ups-dap-standard","13.81","UPS Standard™ – drop off",""
"outbound","BE","Belgium","Brussels","1000","built-in","Bag / padel racket 2kg 80x35x15","18.06","UPS Standard™ – drop off","UPS Access Point","ups-access-point-dap-euro","20.21","UPS Standard®","UPS","ups-dap-standard","18.06","UPS Standard™ – drop off",""
"return","BE","Belgium","Brussels","1000","built-in","Large letter 1kg 35x25x2","","","","","","","","","","","No services returned"
"return","BE","Belgium","Brussels","1000","built-in","Small parcel 2kg 45x35x16","","","","","","","","","","","No services returned"
"return","BE","Belgium","Brussels","1000","built-in","Racket (tennis/badminton/squash) 1kg 70x30x8","","","","","","","","","","","No services returned"
"return","BE","Belgium","Brussels","1000","built-in","Bag / padel racket 2kg 80x35x15","","","","","","","","","","","No services returned"
"outbound","PT","Portugal","Lisbon","1100-148","built-in","Large letter 1kg 35x25x2","13.25","Royal Mail International Tracked","Royal Mail","royalmail-int","13.55","Royal Mail International Tracked Collection","Royal Mail","royalmail-int-tracked-collection","13.25","Royal Mail International Tracked",""
"outbound","PT","Portugal","Lisbon","1100-148","built-in","Small parcel 2kg 45x35x16","17.55","Royal Mail International Tracked Heavier","Royal Mail","royalmail-int-signed-mp-dropoff_2655","17.85","Royal Mail International Tracked Collection Heavier","Royal Mail","royalmail-int-signed-collection_2611_2656","17.55","Royal Mail International Tracked Heavier",""
"outbound","PT","Portugal","Lisbon","1100-148","built-in","Racket (tennis/badminton/squash) 1kg 70x30x8","16.49","UPS Standard™ – drop off","UPS Access Point","ups-access-point-dap-euro","18.64","UPS Standard®","UPS","ups-dap-standard","16.49","UPS Standard™ – drop off",""
"outbound","PT","Portugal","Lisbon","1100-148","built-in","Bag / padel racket 2kg 80x35x15","19.06","UPS Standard™ – drop off","UPS Access Point","ups-access-point-dap-euro","21.21","UPS Standard®","UPS","ups-dap-standard","19.06","UPS Standard™ – drop off",""
"return","PT","Portugal","Lisbon","1100-148","built-in","Large letter 1kg 35x25x2","","","","","","","","","","","No services returned"
"return","PT","Portugal","Lisbon","1100-148","built-in","Small parcel 2kg 45x35x16","","","","","","","","","","","No services returned"
"return","PT","Portugal","Lisbon","1100-148","built-in","Racket (tennis/badminton/squash) 1kg 70x30x8","","","","","","","","","","","No services returned"
"return","PT","Portugal","Lisbon","1100-148","built-in","Bag / padel racket 2kg 80x35x15","","","","","","","","","","","No services returned"
"outbound","DK","Denmark","Copenhagen","1050","built-in","Large letter 1kg 35x25x2","14.19","DPD Lite","DPD","dpd-int-tracked-mail-dropoff","17.53","UPS Standard®","UPS","ups-dap-standard","14.19","DPD Lite",""
"outbound","DK","Denmark","Copenhagen","1050","built-in","Small parcel 2kg 45x35x16","19.06","UPS Standard™ – drop off","UPS Access Point","ups-access-point-dap-euro","21.21","UPS Standard®","UPS","ups-dap-standard","19.06","UPS Standard™ – drop off",""
"outbound","DK","Denmark","Copenhagen","1050","built-in","Racket (tennis/badminton/squash) 1kg 70x30x8","16.49","UPS Standard™ – drop off","UPS Access Point","ups-access-point-dap-euro","18.64","UPS Standard®","UPS","ups-dap-standard","16.49","UPS Standard™ – drop off",""
"outbound","DK","Denmark","Copenhagen","1050","built-in","Bag / padel racket 2kg 80x35x15","19.06","UPS Standard™ – drop off","UPS Access Point","ups-access-point-dap-euro","21.21","UPS Standard®","UPS","ups-dap-standard","19.06","UPS Standard™ – drop off",""
"return","DK","Denmark","Copenhagen","1050","built-in","Large letter 1kg 35x25x2","","","","","141.59","FedEx International Economy","My Flying Box","mfb-fx-eco","141.59","FedEx International Economy","no drop-off service"
"return","DK","Denmark","Copenhagen","1050","built-in","Small parcel 2kg 45x35x16","","","","","243.26","FedEx International Economy","My Flying Box","mfb-fx-eco","243.26","FedEx International Economy","no drop-off service"
"return","DK","Denmark","Copenhagen","1050","built-in","Racket (tennis/badminton/squash) 1kg 70x30x8","","","","","214.98","FedEx International Economy","My Flying Box","mfb-fx-eco","214.98","FedEx International Economy","no drop-off service"
"return","DK","Denmark","Copenhagen","1050","built-in","Bag / padel racket 2kg 80x35x15","","","","","285.71","FedEx International Economy","My Flying Box","mfb-fx-eco","285.71","FedEx International Economy","no drop-off service"
"outbound","SE","Sweden","Stockholm","111 29","built-in","Large letter 1kg 35x25x2","14.15","Royal Mail International Tracked Heavier","Royal Mail","royalmail-int-signed-mp-dropoff_2655_2806","14.45","Royal Mail International Tracked Collection Heavier","Royal Mail","royalmail-int-signed-collection_2611_2656_2807","14.15","Royal Mail International Tracked Heavier",""
"outbound","SE","Sweden","Stockholm","111 29","built-in","Small parcel 2kg 45x35x16","17.25","Royal Mail International Tracked Heavier","Royal Mail","royalmail-int-signed-mp-dropoff_2655_2806","17.55","Royal Mail International Tracked Collection Heavier","Royal Mail","royalmail-int-signed-collection_2611_2656_2807","17.25","Royal Mail International Tracked Heavier",""
"outbound","SE","Sweden","Stockholm","111 29","built-in","Racket (tennis/badminton/squash) 1kg 70x30x8","16.49","UPS Standard™ – drop off","UPS Access Point","ups-access-point-dap-euro","18.64","UPS Standard®","UPS","ups-dap-standard","16.49","UPS Standard™ – drop off",""
"outbound","SE","Sweden","Stockholm","111 29","built-in","Bag / padel racket 2kg 80x35x15","19.06","UPS Standard™ – drop off","UPS Access Point","ups-access-point-dap-euro","21.21","UPS Standard®","UPS","ups-dap-standard","19.06","UPS Standard™ – drop off",""
"return","SE","Sweden","Stockholm","111 29","built-in","Large letter 1kg 35x25x2","","","","","","","","","","","No services returned"
"return","SE","Sweden","Stockholm","111 29","built-in","Small parcel 2kg 45x35x16","","","","","","","","","","","No services returned"
"return","SE","Sweden","Stockholm","111 29","built-in","Racket (tennis/badminton/squash) 1kg 70x30x8","","","","","","","","","","","No services returned"
"return","SE","Sweden","Stockholm","111 29","built-in","Bag / padel racket 2kg 80x35x15","","","","","","","","","","","No services returned"
"outbound","NO","Norway","Oslo","0150","built-in","Large letter 1kg 35x25x2","14.05","Royal Mail International Tracked","Royal Mail","royalmail-int","14.35","Royal Mail International Tracked Collection","Royal Mail","royalmail-int-tracked-collection","14.05","Royal Mail International Tracked",""
"outbound","NO","Norway","Oslo","0150","built-in","Small parcel 2kg 45x35x16","23.35","Royal Mail International Tracked Heavier","Royal Mail","royalmail-int-signed-mp-dropoff_2655","23.65","Royal Mail International Tracked Collection Heavier","Royal Mail","royalmail-int-signed-collection_2611_2656","23.35","Royal Mail International Tracked Heavier",""
"outbound","NO","Norway","Oslo","0150","built-in","Racket (tennis/badminton/squash) 1kg 70x30x8","25.46","UPS Standard™ – drop off","UPS Access Point","ups-access-point-dap-euro","27.61","UPS Standard®","UPS","ups-dap-standard","25.46","UPS Standard™ – drop off",""
"outbound","NO","Norway","Oslo","0150","built-in","Bag / padel racket 2kg 80x35x15","34.39","UPS Standard™ – drop off","UPS Access Point","ups-access-point-dap-euro","36.54","UPS Standard®","UPS","ups-dap-standard","34.39","UPS Standard™ – drop off",""
"return","NO","Norway","Oslo","0150","built-in","Large letter 1kg 35x25x2","","","","","","","","","","","No services returned"
"return","NO","Norway","Oslo","0150","built-in","Small parcel 2kg 45x35x16","","","","","","","","","","","No services returned"
"return","NO","Norway","Oslo","0150","built-in","Racket (tennis/badminton/squash) 1kg 70x30x8","","","","","","","","","","","No services returned"
"return","NO","Norway","Oslo","0150","built-in","Bag / padel racket 2kg 80x35x15","","","","","","","","","","","No services returned"
"outbound","US","United States","New York","10001","built-in","Large letter 1kg 35x25x2","17.51","DPD Lite USA","DPD","dpd-int-tracked-mail-dropoff_2638","22.37","DPD Air Classic","DPD","dpd-air-classic","17.51","DPD Lite USA",""
"outbound","US","United States","New York","10001","built-in","Small parcel 2kg 45x35x16","48.01","Global Parcel Drop Shop USA","Norsk","p2g-international-saver-dropshop","53.56","FedEx International Connect Plus","FedEx Express","fedex-world-express_2653","48.01","Global Parcel Drop Shop USA",""
"outbound","US","United States","New York","10001","built-in","Racket (tennis/badminton/squash) 1kg 70x30x8","33.48","Global Parcel Drop Shop USA","Norsk","p2g-international-saver-dropshop","40.13","UPS Express Saver®","UPS","ups-dap-express-saver","33.48","Global Parcel Drop Shop USA",""
"outbound","US","United States","New York","10001","built-in","Bag / padel racket 2kg 80x35x15","53.70","UPS Express Saver™ - drop off","UPS Access Point","ups-access-point-dap-express","55.85","UPS Express Saver®","UPS","ups-dap-express-saver","53.70","UPS Express Saver™ - drop off",""
"return","US","United States","New York","10001","built-in","Large letter 1kg 35x25x2","","","","","90.52","FedEx International Priority","My Flying Box","mfb-fx-prio","90.52","FedEx International Priority","no drop-off service"
"return","US","United States","New York","10001","built-in","Small parcel 2kg 45x35x16","","","","","126.78","FedEx International Priority","My Flying Box","mfb-fx-prio","126.78","FedEx International Priority","no drop-off service"
"return","US","United States","New York","10001","built-in","Racket (tennis/badminton/squash) 1kg 70x30x8","","","","","113.58","FedEx International Priority","My Flying Box","mfb-fx-prio","113.58","FedEx International Priority","no drop-off service"
"return","US","United States","New York","10001","built-in","Bag / padel racket 2kg 80x35x15","","","","","164.97","FedEx International Priority","My Flying Box","mfb-fx-prio","164.97","FedEx International Priority","no drop-off service"
"outbound","CA","Canada","Toronto","M5V 2T6","built-in","Large letter 1kg 35x25x2","20.27","Royal Mail International Tracked","Royal Mail","royalmail-int","20.57","Royal Mail International Tracked Collection","Royal Mail","royalmail-int-tracked-collection","20.27","Royal Mail International Tracked",""
"outbound","CA","Canada","Toronto","M5V 2T6","built-in","Small parcel 2kg 45x35x16","25.05","Royal Mail International Tracked Heavier","Royal Mail","royalmail-int-signed-mp-dropoff_2655","25.35","Royal Mail International Tracked Collection Heavier","Royal Mail","royalmail-int-signed-collection_2611_2656","25.05","Royal Mail International Tracked Heavier",""
"outbound","CA","Canada","Toronto","M5V 2T6","built-in","Racket (tennis/badminton/squash) 1kg 70x30x8","32.43","Parcelforce - Global Priority Drop Shop","Parcelforce","parcelforce-global-priority-drop-shop","32.73","Parcelforce Worldwide - Global Priority","Parcelforce","parcelforce-global-priority","32.43","Parcelforce - Global Priority Drop Shop",""
"outbound","CA","Canada","Toronto","M5V 2T6","built-in","Bag / padel racket 2kg 80x35x15","52.64","UPS Express Saver™ - drop off","UPS Access Point","ups-access-point-dap-express","53.33","Parcelforce Worldwide - Global Priority","Parcelforce","parcelforce-global-priority","52.64","UPS Express Saver™ - drop off",""
"return","CA","Canada","Toronto","M5V 2T6","built-in","Large letter 1kg 35x25x2","","","","","131.38","FedEx International Priority","My Flying Box","mfb-fx-prio","131.38","FedEx International Priority","no drop-off service"
"return","CA","Canada","Toronto","M5V 2T6","built-in","Small parcel 2kg 45x35x16","","","","","132.38","FedEx International Priority","My Flying Box","mfb-fx-prio","132.38","FedEx International Priority","no drop-off service"
"return","CA","Canada","Toronto","M5V 2T6","built-in","Racket (tennis/badminton/squash) 1kg 70x30x8","","","","","131.69","FedEx International Priority","My Flying Box","mfb-fx-prio","131.69","FedEx International Priority","no drop-off service"
"return","CA","Canada","Toronto","M5V 2T6","built-in","Bag / padel racket 2kg 80x35x15","","","","","134.19","FedEx International Priority","My Flying Box","mfb-fx-prio","134.19","FedEx International Priority","no drop-off service"
"outbound","AU","Australia","Sydney","2000","built-in","Large letter 1kg 35x25x2","15.97","DPD Lite","DPD","dpd-int-tracked-mail-dropoff","19.28","DPD Air Classic","DPD","dpd-air-classic","15.97","DPD Lite",""
"outbound","AU","Australia","Sydney","2000","built-in","Small parcel 2kg 45x35x16","35.10","Royal Mail International Tracked Heavier","Royal Mail","royalmail-int-signed-mp-dropoff_2655_2806","35.40","Royal Mail International Tracked Collection Heavier","Royal Mail","royalmail-int-signed-collection_2611_2656_2807","35.10","Royal Mail International Tracked Heavier",""
"outbound","AU","Australia","Sydney","2000","built-in","Racket (tennis/badminton/squash) 1kg 70x30x8","44.06","Parcelforce - Global Priority Drop Shop","Parcelforce","parcelforce-global-priority-drop-shop","41.15","DPD Air Classic","DPD","dpd-air-classic","41.15","DPD Air Classic",""
"outbound","AU","Australia","Sydney","2000","built-in","Bag / padel racket 2kg 80x35x15","68.25","Parcelforce - Global Priority Drop Shop","Parcelforce","parcelforce-global-priority-drop-shop","68.55","Parcelforce Worldwide - Global Priority","Parcelforce","parcelforce-global-priority","68.25","Parcelforce - Global Priority Drop Shop",""
"return","AU","Australia","Sydney","2000","built-in","Large letter 1kg 35x25x2","","","","","205.88","FedEx International Economy","My Flying Box","mfb-fx-eco","205.88","FedEx International Economy","no drop-off service"
"return","AU","Australia","Sydney","2000","built-in","Small parcel 2kg 45x35x16","","","","","494.52","FedEx International Economy","My Flying Box","mfb-fx-eco","494.52","FedEx International Economy","no drop-off service"
"return","AU","Australia","Sydney","2000","built-in","Racket (tennis/badminton/squash) 1kg 70x30x8","","","","","391.08","FedEx International Economy","My Flying Box","mfb-fx-eco","391.08","FedEx International Economy","no drop-off service"
"return","AU","Australia","Sydney","2000","built-in","Bag / padel racket 2kg 80x35x15","","","","","615.78","FedEx International Economy","My Flying Box","mfb-fx-eco","615.78","FedEx International Economy","no drop-off service"
"outbound","GB","United Kingdom - mainland","London","EC1A 1BB","built-in","Large letter 1kg 35x25x2","2.85","Royal Mail 48 Tracked Large Letter","Royal Mail","royalmail-largeletter-48","3.95","Royal Mail 48 Tracked Small Collection","Royal Mail","royalmail-int_2606_2608","2.85","Royal Mail 48 Tracked Large Letter",""
"outbound","GB","United Kingdom - mainland","London","EC1A 1BB","built-in","Small parcel 2kg 45x35x16","3.65","Royal Mail 48 Tracked Small","Royal Mail","royalmail-int_2606","3.95","Royal Mail 48 Tracked Small Collection","Royal Mail","royalmail-int_2606_2608","3.65","Royal Mail 48 Tracked Small",""
"outbound","GB","United Kingdom - mainland","London","EC1A 1BB","built-in","Racket (tennis/badminton/squash) 1kg 70x30x8","5.89","FedEx Economy Drop Off","FedEx Express","fedex-uk-express-dropoff_895","10.14","UPS Standard®","UPS","ups-dap-uk-standard","5.89","FedEx Economy Drop Off",""
"outbound","GB","United Kingdom - mainland","London","EC1A 1BB","built-in","Bag / padel racket 2kg 80x35x15","5.89","FedEx Economy Drop Off","FedEx Express","fedex-uk-express-dropoff_895","11.28","UPS Standard®","UPS","ups-dap-uk-standard","5.89","FedEx Economy Drop Off",""
"return","GB","United Kingdom - mainland","London","EC1A 1BB","built-in","Large letter 1kg 35x25x2","2.39","Relay Postable","Relay","relay-dom-dropoff-postable-smartsend","3.95","Royal Mail 48 Tracked Small Collection","Royal Mail","royalmail-int_2606_2608","2.39","Relay Postable",""
"return","GB","United Kingdom - mainland","London","EC1A 1BB","built-in","Small parcel 2kg 45x35x16","2.51","Relay Drop Off","Relay","relay-dom-dropoff-parcelshop-smartsend_2659","3.95","Royal Mail 48 Tracked Small Collection","Royal Mail","royalmail-int_2606_2608","2.51","Relay Drop Off",""
"return","GB","United Kingdom - mainland","London","EC1A 1BB","built-in","Racket (tennis/badminton/squash) 1kg 70x30x8","5.89","FedEx Economy Drop Off","FedEx Express","fedex-uk-express-dropoff_895","10.14","UPS Standard®","UPS","ups-dap-uk-standard","5.89","FedEx Economy Drop Off",""
"return","GB","United Kingdom - mainland","London","EC1A 1BB","built-in","Bag / padel racket 2kg 80x35x15","5.89","FedEx Economy Drop Off","FedEx Express","fedex-uk-express-dropoff_895","11.28","UPS Standard®","UPS","ups-dap-uk-standard","5.89","FedEx Economy Drop Off",""
"outbound","IE","Ireland","Dublin","D02 X285","built-in","Large letter 1kg 35x25x2","9.95","Royal Mail International Tracked","Royal Mail","royalmail-int","10.25","Royal Mail International Tracked Collection","Royal Mail","royalmail-int-tracked-collection","9.95","Royal Mail International Tracked",""
"outbound","IE","Ireland","Dublin","D02 X285","built-in","Small parcel 2kg 45x35x16","12.25","Royal Mail International Tracked Heavier","Royal Mail","royalmail-int-signed-mp-dropoff_2655","10.70","DPD Ireland","DPD","dpd-ireland","10.70","DPD Ireland",""
"outbound","IE","Ireland","Dublin","D02 X285","built-in","Racket (tennis/badminton/squash) 1kg 70x30x8","13.81","UPS Standard™ – drop off","UPS Access Point","ups-access-point-dap-euro","10.70","DPD Ireland","DPD","dpd-ireland","10.70","DPD Ireland",""
"outbound","IE","Ireland","Dublin","D02 X285","built-in","Bag / padel racket 2kg 80x35x15","18.06","UPS Standard™ – drop off","UPS Access Point","ups-access-point-dap-euro","10.70","DPD Ireland","DPD","dpd-ireland","10.70","DPD Ireland",""
"return","IE","Ireland","Dublin","D02 X285","built-in","Large letter 1kg 35x25x2","","","","","153.63","FedEx International Economy","My Flying Box","mfb-fx-eco","153.63","FedEx International Economy","no drop-off service"
"return","IE","Ireland","Dublin","D02 X285","built-in","Small parcel 2kg 45x35x16","","","","","244.22","FedEx International Economy","My Flying Box","mfb-fx-eco","244.22","FedEx International Economy","no drop-off service"
"return","IE","Ireland","Dublin","D02 X285","built-in","Racket (tennis/badminton/squash) 1kg 70x30x8","","","","","211.10","FedEx International Economy","My Flying Box","mfb-fx-eco","211.10","FedEx International Economy","no drop-off service"
"return","IE","Ireland","Dublin","D02 X285","built-in","Bag / padel racket 2kg 80x35x15","","","","","299.90","FedEx International Economy","My Flying Box","mfb-fx-eco","299.90","FedEx International Economy","no drop-off service"
"outbound","FR","France","Paris","75001","built-in","Large letter 1kg 35x25x2","9.98","DPD Drop Off Europe","DPD","dpd-classic","12.60","Royal Mail International Tracked Collection","Royal Mail","royalmail-int-tracked-collection","9.98","DPD Drop Off Europe",""
"outbound","FR","France","Paris","75001","built-in","Small parcel 2kg 45x35x16","9.98","DPD Drop Off Europe","DPD","dpd-classic","13.20","Royal Mail International Tracked Collection Heavier","Royal Mail","royalmail-int-signed-collection_2611_2656","9.98","DPD Drop Off Europe",""
"outbound","FR","France","Paris","75001","built-in","Racket (tennis/badminton/squash) 1kg 70x30x8","13.81","UPS Standard™ – drop off","UPS Access Point","ups-access-point-dap-euro","14.88","DPD Classic European","DPD","dpd-classic-european","13.81","UPS Standard™ – drop off",""
"outbound","FR","France","Paris","75001","built-in","Bag / padel racket 2kg 80x35x15","18.06","UPS Standard™ – drop off","UPS Access Point","ups-access-point-dap-euro","14.88","DPD Classic European","DPD","dpd-classic-european","14.88","DPD Classic European",""
"return","FR","France","Paris","75001","built-in","Large letter 1kg 35x25x2","","","","","51.68","FedEx International Priority","My Flying Box","mfb-fx-prio","51.68","FedEx International Priority","no drop-off service"
"return","FR","France","Paris","75001","built-in","Small parcel 2kg 45x35x16","","","","","68.54","FedEx International Priority","My Flying Box","mfb-fx-prio","68.54","FedEx International Priority","no drop-off service"
"return","FR","France","Paris","75001","built-in","Racket (tennis/badminton/squash) 1kg 70x30x8","","","","","62.14","FedEx International Priority","My Flying Box","mfb-fx-prio","62.14","FedEx International Priority","no drop-off service"
"return","FR","France","Paris","75001","built-in","Bag / padel racket 2kg 80x35x15","","","","","75.29","UPS Standard","My Flying Box","mfb-ups-standard","75.29","UPS Standard","no drop-off service"
"outbound","DE","Germany","Berlin","10115","built-in","Large letter 1kg 35x25x2","9.37","DPD Drop Off Europe","DPD","dpd-classic","14.16","DPD Classic European","DPD","dpd-classic-european","9.37","DPD Drop Off Europe",""
"outbound","DE","Germany","Berlin","10115","built-in","Small parcel 2kg 45x35x16","9.37","DPD Drop Off Europe","DPD","dpd-classic","14.16","DPD Classic European","DPD","dpd-classic-european","9.37","DPD Drop Off Europe",""
"outbound","DE","Germany","Berlin","10115","built-in","Racket (tennis/badminton/squash) 1kg 70x30x8","13.81","UPS Standard™ – drop off","UPS Access Point","ups-access-point-dap-euro","14.16","DPD Classic European","DPD","dpd-classic-european","13.81","UPS Standard™ – drop off",""
"outbound","DE","Germany","Berlin","10115","built-in","Bag / padel racket 2kg 80x35x15","18.06","UPS Standard™ – drop off","UPS Access Point","ups-access-point-dap-euro","14.16","DPD Classic European","DPD","dpd-classic-european","14.16","DPD Classic European",""
"return","DE","Germany","Berlin","10115","built-in","Large letter 1kg 35x25x2","","","","","86.48","UPS Standard","My Flying Box","mfb-ups-standard","86.48","UPS Standard","no drop-off service"
"return","DE","Germany","Berlin","10115","built-in","Small parcel 2kg 45x35x16","","","","","88.31","UPS Standard","My Flying Box","mfb-ups-standard","88.31","UPS Standard","no drop-off service"
"return","DE","Germany","Berlin","10115","built-in","Racket (tennis/badminton/squash) 1kg 70x30x8","","","","","86.72","UPS Standard","My Flying Box","mfb-ups-standard","86.72","UPS Standard","no drop-off service"
"return","DE","Germany","Berlin","10115","built-in","Bag / padel racket 2kg 80x35x15","","","","","90.10","UPS Standard","My Flying Box","mfb-ups-standard","90.10","UPS Standard","no drop-off service"
"outbound","JE","Jersey","St Helier","JE2 3AB","built-in","Large letter 1kg 35x25x2","3.04","Royal Mail 48 Tracked Small","Royal Mail","royalmail-int_2606","3.29","Royal Mail 48 Tracked Small Collection","Royal Mail","royalmail-int_2606_2608","3.04","Royal Mail 48 Tracked Small",""
"outbound","JE","Jersey","St Helier","JE2 3AB","built-in","Small parcel 2kg 45x35x16","3.04","Royal Mail 48 Tracked Small","Royal Mail","royalmail-int_2606","3.29","Royal Mail 48 Tracked Small Collection","Royal Mail","royalmail-int_2606_2608","3.04","Royal Mail 48 Tracked Small",""
"outbound","JE","Jersey","St Helier","JE2 3AB","built-in","Racket (tennis/badminton/squash) 1kg 70x30x8","25.46","UPS Standard™ – drop off","UPS Access Point","ups-access-point-dap-euro","16.85","Parcelforce Worldwide - Channel Islands","Parcelforce","parcelforce-channel-islands","16.85","Parcelforce Worldwide - Channel Islands",""
"outbound","JE","Jersey","St Helier","JE2 3AB","built-in","Bag / padel racket 2kg 80x35x15","34.39","UPS Standard™ – drop off","UPS Access Point","ups-access-point-dap-euro","20.74","Parcelforce Worldwide - Channel Islands","Parcelforce","parcelforce-channel-islands","20.74","Parcelforce Worldwide - Channel Islands",""
"return","JE","Jersey","St Helier","JE2 3AB","built-in","Large letter 1kg 35x25x2","","","","","","","","","","","No services returned"
"return","JE","Jersey","St Helier","JE2 3AB","built-in","Small parcel 2kg 45x35x16","","","","","","","","","","","No services returned"
"return","JE","Jersey","St Helier","JE2 3AB","built-in","Racket (tennis/badminton/squash) 1kg 70x30x8","","","","","","","","","","","No services returned"
"return","JE","Jersey","St Helier","JE2 3AB","built-in","Bag / padel racket 2kg 80x35x15","","","","","","","","","","","No services returned"
"outbound","GG","Guernsey","St Peter Port","GY1 1WW","built-in","Large letter 1kg 35x25x2","19.82","Landmark Drop Shop","Landmark","landmark-dropoff","11.80","Parcelforce Worldwide - Channel Islands","Parcelforce","parcelforce-channel-islands","11.80","Parcelforce Worldwide - Channel Islands",""
"outbound","GG","Guernsey","St Peter Port","GY1 1WW","built-in","Small parcel 2kg 45x35x16","32.30","Landmark Drop Shop","Landmark","landmark-dropoff","19.08","Parcelforce Worldwide - Channel Islands","Parcelforce","parcelforce-channel-islands","19.08","Parcelforce Worldwide - Channel Islands",""
"outbound","GG","Guernsey","St Peter Port","GY1 1WW","built-in","Racket (tennis/badminton/squash) 1kg 70x30x8","25.46","UPS Standard™ – drop off","UPS Access Point","ups-access-point-dap-euro","16.51","Parcelforce Worldwide - Channel Islands","Parcelforce","parcelforce-channel-islands","16.51","Parcelforce Worldwide - Channel Islands",""
"outbound","GG","Guernsey","St Peter Port","GY1 1WW","built-in","Bag / padel racket 2kg 80x35x15","34.39","UPS Standard™ – drop off","UPS Access Point","ups-access-point-dap-euro","20.32","Parcelforce Worldwide - Channel Islands","Parcelforce","parcelforce-channel-islands","20.32","Parcelforce Worldwide - Channel Islands",""
"return","GG","Guernsey","St Peter Port","GY1 1WW","built-in","Large letter 1kg 35x25x2","","","","","","","","","","","No services returned"
"return","GG","Guernsey","St Peter Port","GY1 1WW","built-in","Small parcel 2kg 45x35x16","","","","","","","","","","","No services returned"
"return","GG","Guernsey","St Peter Port","GY1 1WW","built-in","Racket (tennis/badminton/squash) 1kg 70x30x8","","","","","","","","","","","No services returned"
"return","GG","Guernsey","St Peter Port","GY1 1WW","built-in","Bag / padel racket 2kg 80x35x15","","","","","","","","","","","No services returned"
"outbound","IM","Isle of Man","Douglas","IM1 1EF","built-in","Large letter 1kg 35x25x2","2.85","Royal Mail 48 Tracked Large Letter","Royal Mail","royalmail-largeletter-48","3.95","Royal Mail 48 Tracked Small Collection","Royal Mail","royalmail-int_2606_2608","2.85","Royal Mail 48 Tracked Large Letter",""
"outbound","IM","Isle of Man","Douglas","IM1 1EF","built-in","Small parcel 2kg 45x35x16","3.65","Royal Mail 48 Tracked Small","Royal Mail","royalmail-int_2606","3.95","Royal Mail 48 Tracked Small Collection","Royal Mail","royalmail-int_2606_2608","3.65","Royal Mail 48 Tracked Small",""
"outbound","IM","Isle of Man","Douglas","IM1 1EF","built-in","Racket (tennis/badminton/squash) 1kg 70x30x8","","","","","13.02","UPS Express Saver® by 12pm","UPS","ups-dap-uk-express-saver","13.02","UPS Express Saver® by 12pm","no drop-off service"
"outbound","IM","Isle of Man","Douglas","IM1 1EF","built-in","Bag / padel racket 2kg 80x35x15","","","","","15.06","UPS Express Saver® by 12pm","UPS","ups-dap-uk-express-saver","15.06","UPS Express Saver® by 12pm","no drop-off service"
"return","IM","Isle of Man","Douglas","IM1 1EF","built-in","Large letter 1kg 35x25x2","2.85","Royal Mail 48 Tracked Large Letter","Royal Mail","royalmail-largeletter-48","3.95","Royal Mail 48 Tracked Small Collection","Royal Mail","royalmail-int_2606_2608","2.85","Royal Mail 48 Tracked Large Letter",""
"return","IM","Isle of Man","Douglas","IM1 1EF","built-in","Small parcel 2kg 45x35x16","3.65","Royal Mail 48 Tracked Small","Royal Mail","royalmail-int_2606","3.95","Royal Mail 48 Tracked Small Collection","Royal Mail","royalmail-int_2606_2608","3.65","Royal Mail 48 Tracked Small",""
"return","IM","Isle of Man","Douglas","IM1 1EF","built-in","Racket (tennis/badminton/squash) 1kg 70x30x8","","","","","13.02","UPS Express Saver® by 12pm","UPS","ups-dap-uk-express-saver","13.02","UPS Express Saver® by 12pm","no drop-off service"
"return","IM","Isle of Man","Douglas","IM1 1EF","built-in","Bag / padel racket 2kg 80x35x15","","","","","15.06","UPS Express Saver® by 12pm","UPS","ups-dap-uk-express-saver","15.06","UPS Express Saver® by 12pm","no drop-off service"
"outbound","GB-NIR","United Kingdom - Northern Ireland","Belfast","BT1 5GS","built-in","Large letter 1kg 35x25x2","2.85","Royal Mail 48 Tracked Large Letter","Royal Mail","royalmail-largeletter-48","10.57","DHL eCommerce UK Collection","DHL","dhl-uk","2.85","Royal Mail 48 Tracked Large Letter",""
"outbound","GB-NIR","United Kingdom - Northern Ireland","Belfast","BT1 5GS","built-in","Small parcel 2kg 45x35x16","","","","","11.22","DHL eCommerce UK Collection","DHL","dhl-uk","11.22","DHL eCommerce UK Collection","no drop-off service"
"outbound","GB-NIR","United Kingdom - Northern Ireland","Belfast","BT1 5GS","built-in","Racket (tennis/badminton/squash) 1kg 70x30x8","","","","","","","","","","","No services returned"
"outbound","GB-NIR","United Kingdom - Northern Ireland","Belfast","BT1 5GS","built-in","Bag / padel racket 2kg 80x35x15","","","","","","","","","","","No services returned"
"return","GB-NIR","United Kingdom - Northern Ireland","Belfast","BT1 5GS","built-in","Large letter 1kg 35x25x2","2.85","Royal Mail 48 Tracked Large Letter","Royal Mail","royalmail-largeletter-48","3.95","Royal Mail 48 Tracked Small Collection","Royal Mail","royalmail-int_2606_2608","2.85","Royal Mail 48 Tracked Large Letter",""
"return","GB-NIR","United Kingdom - Northern Ireland","Belfast","BT1 5GS","built-in","Small parcel 2kg 45x35x16","3.65","Royal Mail 48 Tracked Small","Royal Mail","royalmail-int_2606","3.95","Royal Mail 48 Tracked Small Collection","Royal Mail","royalmail-int_2606_2608","3.65","Royal Mail 48 Tracked Small",""
"return","GB-NIR","United Kingdom - Northern Ireland","Belfast","BT1 5GS","built-in","Racket (tennis/badminton/squash) 1kg 70x30x8","","","","","","","","","","","No services returned"
"return","GB-NIR","United Kingdom - Northern Ireland","Belfast","BT1 5GS","built-in","Bag / padel racket 2kg 80x35x15","","","","","","","","","","","No services returned"
"outbound","GB-HIGH","United Kingdom - Scottish Highlands","Inverness","IV1 1QB","built-in","Large letter 1kg 35x25x2","2.85","Royal Mail 48 Tracked Large Letter","Royal Mail","royalmail-largeletter-48","3.95","Royal Mail 48 Tracked Small Collection","Royal Mail","royalmail-int_2606_2608","2.85","Royal Mail 48 Tracked Large Letter",""
"outbound","GB-HIGH","United Kingdom - Scottish Highlands","Inverness","IV1 1QB","built-in","Small parcel 2kg 45x35x16","3.65","Royal Mail 48 Tracked Small","Royal Mail","royalmail-int_2606","3.95","Royal Mail 48 Tracked Small Collection","Royal Mail","royalmail-int_2606_2608","3.65","Royal Mail 48 Tracked Small",""
"outbound","GB-HIGH","United Kingdom - Scottish Highlands","Inverness","IV1 1QB","built-in","Racket (tennis/badminton/squash) 1kg 70x30x8","","","","","13.02","UPS Express Saver® by 12pm","UPS","ups-dap-uk-express-saver","13.02","UPS Express Saver® by 12pm","no drop-off service"
"outbound","GB-HIGH","United Kingdom - Scottish Highlands","Inverness","IV1 1QB","built-in","Bag / padel racket 2kg 80x35x15","","","","","15.06","UPS Express Saver® by 12pm","UPS","ups-dap-uk-express-saver","15.06","UPS Express Saver® by 12pm","no drop-off service"
"return","GB-HIGH","United Kingdom - Scottish Highlands","Inverness","IV1 1QB","built-in","Large letter 1kg 35x25x2","2.85","Royal Mail 48 Tracked Large Letter","Royal Mail","royalmail-largeletter-48","3.95","Royal Mail 48 Tracked Small Collection","Royal Mail","royalmail-int_2606_2608","2.85","Royal Mail 48 Tracked Large Letter",""
"return","GB-HIGH","United Kingdom - Scottish Highlands","Inverness","IV1 1QB","built-in","Small parcel 2kg 45x35x16","3.65","Royal Mail 48 Tracked Small","Royal Mail","royalmail-int_2606","3.95","Royal Mail 48 Tracked Small Collection","Royal Mail","royalmail-int_2606_2608","3.65","Royal Mail 48 Tracked Small",""
"return","GB-HIGH","United Kingdom - Scottish Highlands","Inverness","IV1 1QB","built-in","Racket (tennis/badminton/squash) 1kg 70x30x8","","","","","13.02","UPS Express Saver® by 12pm","UPS","ups-dap-uk-express-saver","13.02","UPS Express Saver® by 12pm","no drop-off service"
"return","GB-HIGH","United Kingdom - Scottish Highlands","Inverness","IV1 1QB","built-in","Bag / padel racket 2kg 80x35x15","","","","","15.06","UPS Express Saver® by 12pm","UPS","ups-dap-uk-express-saver","15.06","UPS Express Saver® by 12pm","no drop-off service"
"outbound","GB-ORK","United Kingdom - Orkney","Kirkwall","KW15 1LX","built-in","Large letter 1kg 35x25x2","2.85","Royal Mail 48 Tracked Large Letter","Royal Mail","royalmail-largeletter-48","3.95","Royal Mail 48 Tracked Small Collection","Royal Mail","royalmail-int_2606_2608","2.85","Royal Mail 48 Tracked Large Letter",""
"outbound","GB-ORK","United Kingdom - Orkney","Kirkwall","KW15 1LX","built-in","Small parcel 2kg 45x35x16","3.65","Royal Mail 48 Tracked Small","Royal Mail","royalmail-int_2606","3.95","Royal Mail 48 Tracked Small Collection","Royal Mail","royalmail-int_2606_2608","3.65","Royal Mail 48 Tracked Small",""
"outbound","GB-ORK","United Kingdom - Orkney","Kirkwall","KW15 1LX","built-in","Racket (tennis/badminton/squash) 1kg 70x30x8","22.37","Parcelforce Worldwide Express 48 Drop Off","Parcelforce","parcelforce-express-48-drop-off","13.02","UPS Express Saver® by 12pm","UPS","ups-dap-uk-express-saver","13.02","UPS Express Saver® by 12pm",""
"outbound","GB-ORK","United Kingdom - Orkney","Kirkwall","KW15 1LX","built-in","Bag / padel racket 2kg 80x35x15","22.39","Parcelforce Worldwide Express 48 Drop Off","Parcelforce","parcelforce-express-48-drop-off","15.06","UPS Express Saver® by 12pm","UPS","ups-dap-uk-express-saver","15.06","UPS Express Saver® by 12pm",""
"return","GB-ORK","United Kingdom - Orkney","Kirkwall","KW15 1LX","built-in","Large letter 1kg 35x25x2","2.85","Royal Mail 48 Tracked Large Letter","Royal Mail","royalmail-largeletter-48","3.95","Royal Mail 48 Tracked Small Collection","Royal Mail","royalmail-int_2606_2608","2.85","Royal Mail 48 Tracked Large Letter",""
"return","GB-ORK","United Kingdom - Orkney","Kirkwall","KW15 1LX","built-in","Small parcel 2kg 45x35x16","3.65","Royal Mail 48 Tracked Small","Royal Mail","royalmail-int_2606","3.95","Royal Mail 48 Tracked Small Collection","Royal Mail","royalmail-int_2606_2608","3.65","Royal Mail 48 Tracked Small",""
"return","GB-ORK","United Kingdom - Orkney","Kirkwall","KW15 1LX","built-in","Racket (tennis/badminton/squash) 1kg 70x30x8","22.37","Parcelforce Worldwide Express 48 Drop Off","Parcelforce","parcelforce-express-48-drop-off","13.02","UPS Express Saver® by 12pm","UPS","ups-dap-uk-express-saver","13.02","UPS Express Saver® by 12pm",""
"return","GB-ORK","United Kingdom - Orkney","Kirkwall","KW15 1LX","built-in","Bag / padel racket 2kg 80x35x15","22.39","Parcelforce Worldwide Express 48 Drop Off","Parcelforce","parcelforce-express-48-drop-off","15.06","UPS Express Saver® by 12pm","UPS","ups-dap-uk-express-saver","15.06","UPS Express Saver® by 12pm",""
"outbound","GB-SHE","United Kingdom - Shetland","Lerwick","ZE1 0LL","built-in","Large letter 1kg 35x25x2","2.85","Royal Mail 48 Tracked Large Letter","Royal Mail","royalmail-largeletter-48","3.95","Royal Mail 48 Tracked Small Collection","Royal Mail","royalmail-int_2606_2608","2.85","Royal Mail 48 Tracked Large Letter",""
"outbound","GB-SHE","United Kingdom - Shetland","Lerwick","ZE1 0LL","built-in","Small parcel 2kg 45x35x16","3.65","Royal Mail 48 Tracked Small","Royal Mail","royalmail-int_2606","3.95","Royal Mail 48 Tracked Small Collection","Royal Mail","royalmail-int_2606_2608","3.65","Royal Mail 48 Tracked Small",""
"outbound","GB-SHE","United Kingdom - Shetland","Lerwick","ZE1 0LL","built-in","Racket (tennis/badminton/squash) 1kg 70x30x8","","","","","","","","","","","No services returned"
"outbound","GB-SHE","United Kingdom - Shetland","Lerwick","ZE1 0LL","built-in","Bag / padel racket 2kg 80x35x15","","","","","","","","","","","No services returned"
"return","GB-SHE","United Kingdom - Shetland","Lerwick","ZE1 0LL","built-in","Large letter 1kg 35x25x2","2.85","Royal Mail 48 Tracked Large Letter","Royal Mail","royalmail-largeletter-48","3.95","Royal Mail 48 Tracked Small Collection","Royal Mail","royalmail-int_2606_2608","2.85","Royal Mail 48 Tracked Large Letter",""
"return","GB-SHE","United Kingdom - Shetland","Lerwick","ZE1 0LL","built-in","Small parcel 2kg 45x35x16","3.65","Royal Mail 48 Tracked Small","Royal Mail","royalmail-int_2606","3.95","Royal Mail 48 Tracked Small Collection","Royal Mail","royalmail-int_2606_2608","3.65","Royal Mail 48 Tracked Small",""
"return","GB-SHE","United Kingdom - Shetland","Lerwick","ZE1 0LL","built-in","Racket (tennis/badminton/squash) 1kg 70x30x8","","","","","","","","","","","No services returned"
"return","GB-SHE","United Kingdom - Shetland","Lerwick","ZE1 0LL","built-in","Bag / padel racket 2kg 80x35x15","","","","","","","","","","","No services returned"
"outbound","GB-WIS","United Kingdom - Western Isles","Stornoway","HS1 2DD","built-in","Large letter 1kg 35x25x2","2.85","Royal Mail 48 Tracked Large Letter","Royal Mail","royalmail-largeletter-48","3.95","Royal Mail 48 Tracked Small Collection","Royal Mail","royalmail-int_2606_2608","2.85","Royal Mail 48 Tracked Large Letter",""
"outbound","GB-WIS","United Kingdom - Western Isles","Stornoway","HS1 2DD","built-in","Small parcel 2kg 45x35x16","3.65","Royal Mail 48 Tracked Small","Royal Mail","royalmail-int_2606","3.95","Royal Mail 48 Tracked Small Collection","Royal Mail","royalmail-int_2606_2608","3.65","Royal Mail 48 Tracked Small",""
"outbound","GB-WIS","United Kingdom - Western Isles","Stornoway","HS1 2DD","built-in","Racket (tennis/badminton/squash) 1kg 70x30x8","22.37","Parcelforce Worldwide Express 48 Drop Off","Parcelforce","parcelforce-express-48-drop-off","13.02","UPS Express Saver® by 12pm","UPS","ups-dap-uk-express-saver","13.02","UPS Express Saver® by 12pm",""
"outbound","GB-WIS","United Kingdom - Western Isles","Stornoway","HS1 2DD","built-in","Bag / padel racket 2kg 80x35x15","22.39","Parcelforce Worldwide Express 48 Drop Off","Parcelforce","parcelforce-express-48-drop-off","15.06","UPS Express Saver® by 12pm","UPS","ups-dap-uk-express-saver","15.06","UPS Express Saver® by 12pm",""
"return","GB-WIS","United Kingdom - Western Isles","Stornoway","HS1 2DD","built-in","Large letter 1kg 35x25x2","2.85","Royal Mail 48 Tracked Large Letter","Royal Mail","royalmail-largeletter-48","3.95","Royal Mail 48 Tracked Small Collection","Royal Mail","royalmail-int_2606_2608","2.85","Royal Mail 48 Tracked Large Letter",""
"return","GB-WIS","United Kingdom - Western Isles","Stornoway","HS1 2DD","built-in","Small parcel 2kg 45x35x16","3.65","Royal Mail 48 Tracked Small","Royal Mail","royalmail-int_2606","3.95","Royal Mail 48 Tracked Small Collection","Royal Mail","royalmail-int_2606_2608","3.65","Royal Mail 48 Tracked Small",""
"return","GB-WIS","United Kingdom - Western Isles","Stornoway","HS1 2DD","built-in","Racket (tennis/badminton/squash) 1kg 70x30x8","22.37","Parcelforce Worldwide Express 48 Drop Off","Parcelforce","parcelforce-express-48-drop-off","13.02","UPS Express Saver® by 12pm","UPS","ups-dap-uk-express-saver","13.02","UPS Express Saver® by 12pm",""
"return","GB-WIS","United Kingdom - Western Isles","Stornoway","HS1 2DD","built-in","Bag / padel racket 2kg 80x35x15","22.39","Parcelforce Worldwide Express 48 Drop Off","Parcelforce","parcelforce-express-48-drop-off","15.06","UPS Express Saver® by 12pm","UPS","ups-dap-uk-express-saver","15.06","UPS Express Saver® by 12pm",""